url,url_length,num_dots,num_hyphens,num_underscores,num_slashes,num_digits,num_at_symbols,num_subdomains,has_ip_address,has_https,has_double_slash_redirect,has_suspicious_word,has_shortener,domain_length,path_length,has_hyphen_in_domain,num_query_params,label
http://cutt.ly/b3r36fp,22,1,0,0,3,3,0,0,0,0,0,0,1,4,8,0,0,1
https://hdfcbank.com/docs/api/reference,42,1,0,0,5,0,0,0,0,1,0,0,0,12,19,0,0,0
http://23.167.5.158/verify/hdfcbank,35,3,3,0,4,12,0,1,1,0,0,1,0,12,16,1,0,1
https://www.galgotiasuniversity.edu.in/help/faq,45,3,0,0,4,0,0,2,0,1,0,0,0,30,9,0,0,0
http://sbi-suspend-secure.cf/suspend/index.php,46,3,2,0,4,0,0,0,0,0,0,1,0,21,18,1,0,1
https://www.apple.com/help/faq,30,2,0,0,4,0,0,1,0,1,0,0,0,13,9,0,0,0
https://www.irctc.co.in/account/anouof0onj?ref=email&utm_id=7917,64,3,0,1,4,5,0,2,0,1,0,0,0,15,19,0,2,0
http://tinyurl.com/o5C7s7b,26,4,0,0,3,3,0,0,0,0,0,0,1,9,5,0,0,1
https://stackoverflow.com/user/profile/settings,47,1,0,0,5,0,0,0,0,1,0,0,0,17,22,0,0,0
http://txputhgsrcw2eyyb9z9trun58.click/signin-microsoft-signin/confirm.php?id=6058,82,2,2,0,4,9,0,0,0,1,0,1,0,31,36,0,1,1
http://equtb.top/microsoft/account/account@microsoft.com/account.php,68,3,0,0,6,0,1,0,0,0,0,1,0,9,52,0,0,1
https://nptel.ac.in/about,25,2,0,0,3,0,0,1,0,1,0,0,0,11,6,0,0,0
https://irctc.co.in/help/faq,28,2,0,0,4,0,0,1,0,1,0,0,0,11,9,0,0,0
http://pwarkdpw0gkejzypr2d1wg5xf.cf/login-amazon-login/confirm.php?id=2973,74,2,2,0,4,8,0,0,0,0,0,1,0,25,29,0,1,1
http://paypal-login-secure.ga/login/index.php,45,2,2,0,4,0,0,0,1,1,0,1,0,22,16,1,0,1
https://www.amazon.in/contact,29,2,0,0,3,0,0,1,0,1,0,0,0,13,11,0,0,0
https://flipkart.com/blog/2024/article,38,1,0,0,5,4,0,0,0,0,0,0,1,12,18,0,0,0
https://www.aicte-india.org/news/today,38,2,1,0,4,0,0,1,0,1,0,0,0,19,11,1,0,0
http://hdfcbank.secure.lxk2g5.cf/secure,39,3,0,0,3,2,0,2,0,0,0,1,0,25,7,0,0,1
http://iu3609kr96ynij99bzc0nysb-.ga/signin-hdfcbank-signin/confirm.php?id=5375,78,2,3,0,4,13,0,0,0,0,0,1,0,28,35,0,1,1
https://www.hdfcbank.com/news/today,35,2,0,0,4,0,0,1,0,1,0,0,0,16,11,0,0,0
https://www.galgotiasuniversity.edu.in/blog/2024/article,56,3,0,0,5,4,0,2,0,1,0,0,0,30,18,0,0,0
https://www.medium.com/contact,30,2,0,0,3,0,0,0,0,1,0,0,1,11,8,0,0,0
http://instagram.account.dyfngp.cf/account,42,3,0,0,3,0,0,1,0,0,0,1,1,27,8,0,0,1
https://www.flipkart.com/account/kcgr?ref=email&utm_id=6379,59,0,0,1,4,4,0,1,0,1,0,1,1,16,13,0,2,0
https://netflixfkkiv.net/account/index.html,43,4,0,0,4,0,0,0,0,1,0,1,0,13,19,1,0,1
http://37.199.123.157/signin/netflix,35,3,0,0,4,11,0,2,1,0,0,1,0,15,15,0,0,1
https://www.stackoverflow.com/help/faq,41,2,0,0,4,0,0,1,0,1,0,0,0,19,9,0,0,0
https://www.medium.com/,23,1,0,0,3,0,0,1,0,1,0,0,0,14,4,0,0,0
https://www.linkedin.com/,25,2,0,0,3,0,0,1,0,1,0,0,0,16,1,0,0,0
https://github.com/news/today,29,1,3,0,4,0,0,0,0,1,0,0,0,10,11,0,0,0
http://bit.ly/8imjlh3,22,1,0,0,3,2,0,0,1,0,0,0,1,6,8,0,0,1
https://www.medium.com/products,31,2,0,0,3,0,0,1,0,0,0,0,0,14,9,0,0,0
https://paypalvydewfp.co/account/index.html,43,2,0,0,4,0,0,0,1,1,0,1,0,16,19,0,0,1
https://www.github.com/account/dashboard,40,3,0,0,4,0,0,1,0,1,0,1,0,17,18,0,0,0
https://www.aicte-india.org/account/dashboard,45,2,1,0,4,0,0,1,0,1,0,1,0,19,15,1,0,0
http://bit.ly/o2ugln9,21,1,0,0,3,2,0,0,0,0,0,0,1,7,8,0,0,1
https://aicte-india.org/help/faq,32,1,1,0,4,0,0,0,0,1,0,0,0,15,9,1,0,0
https://www.irctc.co.in/help/faq,32,3,0,0,4,0,0,2,0,1,0,0,0,15,9,0,0,0
https://www.irctc.co.in/blog/2024/article,41,3,0,0,5,4,0,2,0,1,0,1,0,15,20,0,0,0
https://www.wikipedia.org/blog/2024/article,43,2,0,0,5,4,0,1,0,1,0,0,0,17,18,0,0,0
https://nptel.ac.in/contact,25,2,0,0,3,0,0,0,0,1,0,0,0,11,11,0,0,0
https://microsoft.com/products,30,1,0,0,3,0,0,0,0,1,0,0,1,13,9,0,0,0
https://www.hdfcbank.com/user/profile/settings,46,2,0,0,5,0,0,1,0,1,0,0,0,16,22,0,0,0
http://5o7o-jd4ih67x62pb648rp506.ml/verify-google-verify/confirm.php?id=2644,76,2,3,0,4,17,0,0,0,0,0,1,0,28,33,1,1,1
http://qmsdn.ga/netflix/signin/account@netflix.com/signin.php,61,3,0,0,6,1,1,0,0,0,0,1,0,8,46,0,0,1
http://netflix-verify-secure.top/verify/index.php,49,2,2,0,4,0,0,0,0,0,0,1,0,25,17,1,0,1
https://www.linkedin.com/about,30,3,0,0,3,0,0,1,0,1,0,0,0,17,6,0,0,0
http://229.247.143.174/account/google,35,3,0,0,4,12,0,0,1,0,0,1,0,15,15,0,0,1
http://instagram-account-secure.click/account/index.php,55,2,2,0,4,0,0,0,0,0,0,1,0,30,18,1,0,1
https://www.wikipedia.org/contact,33,2,0,0,3,0,0,1,1,1,0,0,0,17,8,0,0,0
http://amazon.account.u802nq.ml/account,39,3,0,0,3,3,0,2,0,0,0,1,0,24,9,0,0,1
https://www.icicibank.com/products,34,0,0,0,3,0,0,1,0,1,0,0,0,16,6,0,0,0
http://amazon-account-secure.top/account/index.php,50,2,2,0,4,0,0,0,1,0,0,1,0,25,18,0,0,1
https://www.stackoverflow.com/docs/api/reference,48,3,0,0,5,0,0,1,0,1,0,0,0,21,19,0,0,0
https://sbiybhopsyfc.co/account/index.html,42,2,0,0,4,2,0,0,0,1,0,1,0,15,19,0,0,1
https://www.nseindia.com/login/19txcyjhu8?ref=email&utm_id=6851,63,2,0,1,4,7,0,1,0,0,0,1,0,16,17,0,2,0
https://www.wikipedia.org/products,34,2,0,0,3,0,0,0,0,1,0,1,0,17,9,0,0,0
http://214.27.114.120/secure/paypal,35,3,0,0,4,11,0,2,1,0,0,1,0,14,14,0,0,1
https://linkedin.com/about,26,1,0,0,3,0,0,0,0,1,0,0,0,12,6,0,0,0
https://www.microsoft.com/blog/2024/article,43,2,0,0,5,3,0,1,0,1,0,0,1,17,18,0,0,0
https://www.medium.com/help/faq,31,0,0,0,4,0,0,3,0,1,0,0,0,14,9,0,0,0
https://hdfcbank.com/news/today,31,1,0,0,4,0,0,0,0,1,0,0,0,12,11,0,0,0
https://www.google.com/search?q=result,38,2,0,0,3,0,0,1,0,1,0,0,0,14,7,0,1,0
https://www.icicibank.com/,26,2,0,0,3,0,0,1,0,1,0,0,0,17,1,1,0,0
https://www.aicte-india.org/search?q=result,43,2,1,0,3,0,0,1,0,1,0,1,0,19,10,1,1,0
https://www.flipkart.com/blog/2024/article,42,2,0,0,5,4,0,1,0,1,0,0,0,16,18,0,0,0
https://www.icicibank.com/secure/6jng7l4lrc?ref=email&utm_id=2849,65,0,0,1,4,7,0,1,0,1,0,1,0,17,18,0,2,0
http://instagram-signin-secure.ga/signin/index.php,50,2,2,0,4,0,0,0,0,0,0,1,0,26,17,0,0,1
https://www.apple.com/user/profile/settings,43,4,0,0,5,0,0,1,0,1,0,0,0,13,22,0,0,0
http://mhevp.top/amazon/suspend/account@amazon.com/suspend.php,62,3,0,0,6,0,1,0,0,0,0,1,0,9,46,0,0,1
http://gyg5f5desswqc7txnwjqjinh2.top/confirm-google-confirm/confirm.php?id=5875,79,2,2,0,4,8,0,0,0,0,0,1,0,31,32,0,1,1
http://bit.ly/hmaFx0u,21,1,0,0,3,1,0,0,0,0,0,0,1,6,11,0,0,1
http://instagram.signin.mouze6.info/signin,42,3,0,0,3,1,0,5,0,0,0,1,0,28,7,0,0,1
https://www.aicte-india.org/blog/2024/article,45,2,1,0,5,4,0,1,0,1,0,0,0,22,18,1,0,0
https://www.rbi.org.in/news/today,33,3,0,0,4,0,0,2,0,0,0,0,0,14,11,0,0,0
http://bctwkkw5lq25t69xxbnxj7qwo.tk/confirm-amazon-confirm/confirm.php?id=1953,78,2,2,0,4,10,0,0,0,0,0,1,0,28,35,0,1,1
http://q0dujxaf27zffiq8ka9obm6sz.info/signin-sbi-signin/confirm.php?id=3227,75,2,2,0,4,10,0,0,0,0,0,1,0,30,30,0,1,1
http://tinyurl.com/qiC7kvl,26,1,0,0,3,1,0,0,0,0,0,0,1,8,8,0,0,1
http://maoyb.cf/icicibank/secure/account@icicibank.com/secure.php,65,3,3,0,6,0,1,0,0,0,0,1,0,8,50,0,0,1
http://bit.ly/i5p5974,21,1,0,0,3,5,0,0,0,0,0,0,1,9,8,0,0,1
http://ymwlt.ml/sbi/secure/account@sbi.com/secure.php,53,3,0,0,6,0,1,0,0,0,0,1,0,8,38,0,0,1
https://www.galgotiasuniversity.edu.in/contact,47,3,0,0,3,0,0,2,0,1,0,0,0,30,8,0,0,0
http://2sjyl77ya7ba35t1lgvpuowob.cf/login-microsoft-login/confirm.php?id=8030,77,2,2,0,4,11,0,0,1,0,0,1,0,28,34,0,1,1
http://icicibank-update-secure.click/update/index.php,53,2,2,0,4,0,0,0,0,0,0,1,0,29,17,1,0,1
https://www.microsoft.com/docs/api/reference,44,2,0,0,5,0,0,1,0,1,0,0,1,17,19,0,0,0
http://paypal.secure.nscqqa.click/secure,40,3,1,0,3,0,0,2,0,0,0,1,0,26,7,0,0,1
https://www.github.com/suspend/2q4qerx?ref=email&utm_id=2681,60,2,0,1,4,6,0,1,0,1,0,1,0,14,16,0,2,0
http://tinyurl.com/adsE9t8,26,0,0,0,3,0,0,0,0,0,0,0,1,11,8,0,0,1
https://amazonsiioz.com/account/index.html,42,2,0,0,4,3,0,0,0,1,0,1,0,15,19,0,0,1
https://amazon.in/help/faq,26,1,0,0,4,0,0,0,1,1,0,0,0,9,9,0,0,0
https://www.microsoft.com/user/profile/settings,47,2,0,0,5,0,0,1,0,1,0,0,1,17,22,0,0,0
http://oirsi.ga/amazon/verify/account@amazon.com/verify.php,59,3,0,0,6,0,1,0,0,0,0,1,0,8,44,0,0,1
https://www.irctc.co.in/about,29,3,0,0,3,0,0,2,0,1,0,0,0,15,6,0,0,0
http://is.gd/sh1es3g,20,1,2,0,3,2,0,0,0,0,0,0,1,5,8,0,0,1
https://www.stackoverflow.com/help/faq,38,2,0,0,4,0,0,1,0,1,0,0,0,21,9,0,0,0
http://amazon-signin-secure.ml/signin/index.php,47,2,2,0,4,0,0,0,0,1,0,1,0,26,17,1,0,1
http://kjnyw.ml/amazon/login/account@amazon.com/login.php,57,3,0,0,6,0,1,0,1,0,0,1,0,8,42,0,0,1
https://hdfcbank.com/help/faq,32,1,0,0,4,0,0,0,0,1,0,0,0,12,9,0,0,0
http://79rujg8zd-b8mok0y9yy8xs3m.top/suspend-instagram-suspend/confirm.php?id=4666,82,3,6,0,4,14,0,0,0,0,0,1,0,29,38,1,1,1
http://36.34.190.251/secure/hdfcbank,36,3,0,0,4,10,0,2,0,0,0,1,0,13,16,0,0,1
https://www.aicte-india.org/about,33,2,1,0,3,0,0,1,0,1,0,0,0,19,6,1,0,0
https://www.galgotiasuniversity.edu.in/contact,46,3,0,0,3,0,0,0,0,1,0,0,0,30,8,1,0,0
http://is.gd/D8D1dfi,20,1,0,0,3,2,0,0,0,0,0,0,1,5,8,0,0,1
https://wikipedia.org/contact,29,1,0,0,3,0,0,0,0,1,0,0,0,13,5,0,0,0
https://apple.com/blog/2024/article,35,1,0,0,5,4,0,0,0,0,0,0,0,9,18,0,0,0
http://sbi.account.lnkkuo.top/account,37,3,0,0,3,0,0,2,0,0,0,1,0,23,8,0,0,1
https://amazon.in/user/profile/settings,39,1,0,0,5,0,0,0,0,1,0,0,0,6,22,0,0,0
https://icicibank.com/search?q=result,37,1,0,0,3,0,0,0,0,0,0,0,0,13,7,0,1,0
http://105.163.60.234/login/netflix,37,3,0,0,4,11,0,2,1,0,0,1,0,14,14,0,0,1
https://instagramqgglkyx.net/account/index.html,47,2,0,0,4,0,0,0,0,1,0,1,0,20,19,0,0,1
https://microsoft.com/products,30,1,3,0,3,0,0,0,0,1,0,0,1,13,9,0,0,0
https://netflixgsztjcvsz.net/account/index.html,47,2,0,0,4,0,0,0,0,1,0,0,1,20,19,0,0,1
http://nudrt.ml/amazon/secure/account@amazon.com/secure.php,59,3,1,0,6,0,1,0,0,0,0,1,0,8,44,0,0,1
https://www.medium.com/news/today,35,2,0,0,4,0,0,0,0,1,0,0,0,14,11,0,0,0
http://223.233.159.19/confirm/paypal,36,3,0,0,4,11,0,0,1,0,0,1,0,14,15,0,0,1
https://www.amazon.in/,22,2,0,0,3,0,0,1,0,1,0,0,0,16,1,0,0,0
https://www.medium.com/account/dashboard,40,2,0,0,4,0,0,1,0,1,0,1,1,13,18,0,0,0
https://www.icicibank.com/account/dashboard,42,2,0,0,4,0,0,1,0,1,0,1,0,17,18,0,0,0
http://cutt.ly/j8rjpyB,22,1,0,0,3,1,0,0,0,0,0,0,0,7,8,0,0,1
https://microsoftkonolf.com/account/index.html,46,2,0,0,4,0,0,0,0,1,0,1,0,19,19,0,0,1
https://flipkart.com/search?q=result,36,1,0,0,3,0,0,0,0,1,0,0,1,14,7,0,1,0
https://www.flipkart.com/user/profile/settings,46,2,0,0,5,0,0,1,0,1,0,0,1,16,22,0,0,0
http://netflix-confirm-secure.cf/confirm/index.php,50,2,2,0,4,0,0,0,0,0,0,1,0,25,18,1,0,1
https://www.nseindia.com/contact,32,2,0,0,3,0,0,0,0,1,0,0,0,16,8,0,0,0
http://bit.ly/mj4zvE1,21,1,0,0,3,2,0,0,0,0,0,0,1,9,8,0,0,1
http://tinyurl.com/tFkuEif,26,1,0,0,3,0,0,0,0,0,0,0,1,14,8,0,0,1
https://flipkart.com/blog/2024/article,38,0,0,0,5,4,0,0,0,1,0,0,1,12,15,0,0,0
https://www.flipkart.com/blog/2024/article,42,2,0,0,5,4,0,1,0,1,0,0,1,16,18,0,0,0
https://www.nptel.ac.in/about,29,2,0,0,3,2,0,2,0,1,0,0,0,15,6,0,0,0
http://7rl1nxro58mws2yq7u0ougqer.top/secure-netflix-secure/confirm.php?id=2037,78,2,2,0,4,11,0,0,0,0,0,1,0,29,34,0,1,1
https://www.github.com/account/vqrhofu?ref=email&utm_id=3979,60,4,0,1,4,4,0,1,0,1,0,1,1,14,16,0,2,0
http://kjvlz.click/hdfcbank/suspend/account@hdfcbank.com/suspend.php,68,3,0,0,6,0,1,3,0,0,0,1,0,11,52,0,0,1
http://117.81.44.240/verify/netflix,35,3,0,0,4,7,0,2,1,0,0,1,0,13,15,0,0,1
https://www.medium.com/about,28,2,0,0,3,1,0,1,0,1,0,0,1,14,6,1,0,0
https://www.apple.com/,23,2,0,0,3,0,0,1,0,1,0,1,0,13,1,0,0,0
https://www.microsoft.com/account/dashboard,43,2,0,0,4,0,0,0,0,1,0,1,1,17,18,0,0,0
http://kepmby99-essze12o014e93em.ml/verify-amazon-verify/confirm.php?id=1223,76,2,3,0,4,13,0,0,0,0,0,1,0,28,32,1,1,1
https://www.icicibank.com/help/faq,34,2,0,0,4,0,0,1,0,1,0,0,0,17,9,0,0,0
http://26i4ietu-pmvq1s0uxo8erc5s.ml/suspend-netflix-suspend/confirm.php?id=7636,79,4,3,0,4,11,0,0,0,0,0,0,0,28,36,1,1,1
http://91.233.234.135/verify/icicibank,38,3,0,0,4,11,0,2,1,0,0,1,0,14,17,0,0,1
https://www.nseindia.com/user/profile/settings,46,2,0,0,5,0,0,1,0,1,0,0,0,16,22,0,0,0
http://uheaz.xyz/paypal/confirm/account@paypal.com/confirm.php,62,3,0,0,6,0,1,0,0,0,0,1,0,9,46,1,0,1
http://tinyurl.com/8br6lgp,26,4,0,0,3,2,0,0,0,0,0,0,1,11,8,0,0,1
http://ybklk.cf/netflix/verify/account@netflix.com/verify.php,61,3,0,0,6,0,1,0,0,0,0,1,0,8,46,0,0,1
https://www.nptel.ac.in/help/faq,32,3,0,0,4,0,0,3,0,1,0,0,0,15,9,0,0,0
http://microsoft-verify-secure.ga/verify/index.php,50,0,2,0,4,0,0,0,0,0,0,1,0,26,17,1,0,1
http://microsoft-secure-secure.tk/secure/index.php,50,2,2,0,4,0,0,0,0,0,0,1,0,26,20,1,0,1
http://147.173.40.83/account/sbi,32,3,0,0,4,10,0,0,1,0,0,1,0,13,12,0,0,1
https://www.hdfcbank.com/user/profile/settings,46,2,0,0,5,0,0,1,1,1,0,0,0,14,22,0,0,0
http://8.58.13.212/verify/google,35,3,0,0,4,8,0,2,1,0,0,1,0,11,14,0,0,1
https://icicibankvzshme.co/account/index.html,45,2,0,0,4,0,0,0,0,1,0,1,0,18,19,0,0,1
https://microsoft.com/docs/api/reference,40,1,0,0,5,0,0,0,0,1,0,0,1,13,19,0,0,0
http://5v-34o46-utvju81z3sm4n8t4.top/confirm-icicibank-confirm/confirm.php?id=4589,82,0,3,0,4,15,0,0,0,0,0,1,0,29,38,1,1,1
https://www.hdfcbank.com/user/profile/settings,46,2,0,0,5,0,0,0,0,1,0,0,0,16,22,0,0,0
http://instagram.account.rkdvnj.click/account,45,3,0,0,3,0,0,2,1,0,0,1,0,30,8,0,0,1
https://www.google.com/account/dashboard,40,2,0,0,4,0,0,1,0,1,0,1,1,17,18,0,0,0
http://28zw1bsdx5x4mnaehqit0a8uz.top/signin-hdfcbank-signin/confirm.php?id=8268,79,2,2,0,4,11,0,0,0,0,0,1,0,29,35,0,1,1
http://google-login-secure.ga/login/index.php,45,2,2,0,4,0,0,0,0,0,0,1,1,22,16,1,0,1
http://79.251.59.136/confirm/netflix,36,3,0,0,4,10,0,2,1,0,0,1,0,13,16,0,0,1
http://gmljp.top/instagram/secure/account@instagram.com/secure.php,66,0,0,0,6,0,1,0,0,0,0,1,1,9,50,0,0,1
http://icicibank.confirm.buzphd.click/confirm,45,3,0,0,3,0,0,2,0,0,0,1,0,30,8,0,0,1
https://www.irctc.co.in/,24,1,0,0,3,0,0,2,1,1,0,0,0,14,1,0,0,0
https://google.com/account/dashboard,36,1,0,0,4,0,0,0,0,1,0,1,0,10,18,0,0,0
http://is.gd/1vls742,20,1,0,0,3,4,0,1,0,0,0,0,1,5,8,0,0,1
https://www.nptel.ac.in/account/tt9q?ref=email&utm_id=3435,58,3,0,1,4,4,0,2,0,1,0,1,1,14,13,1,2,0
https://www.hdfcbank.com/user/profile/settings,46,2,0,0,5,0,0,1,0,1,0,0,0,14,22,0,0,0
http://39.152.74.30/secure/google,33,3,0,0,4,9,0,2,1,0,0,1,0,12,14,0,0,1
http://amazon.confirm.bavekv.xyz/confirm,40,3,0,0,3,0,0,2,0,0,0,1,0,28,8,0,0,1
https://www.stackoverflow.com/,30,2,0,0,3,0,0,1,0,1,0,0,0,21,1,0,0,0
https://netflixikammqbzj.com/account/index.html,47,2,2,0,4,0,0,0,0,1,0,1,0,20,19,0,0,1
http://101.229.206.107/account/google,37,3,0,0,4,12,0,2,1,0,0,1,0,15,15,0,0,1
http://cutt.ly/phzy3kv,22,1,0,0,3,1,0,0,1,0,0,0,0,7,8,0,0,1
https://www.google.com/,23,2,0,0,3,0,0,1,0,1,0,0,0,15,1,0,0,0
http://bit.ly/sDk36pG,20,1,0,0,3,2,0,1,0,0,0,0,0,8,8,0,0,1
https://amazon.in/docs/api/reference,36,1,0,0,5,0,0,0,0,1,0,0,1,9,19,0,0,0
http://197.154.170.14/update/instagram,38,3,0,0,4,11,0,2,1,0,0,1,0,14,20,1,0,1
http://246.102.129.50/update/google,35,3,0,0,4,11,0,2,1,0,0,1,0,14,14,0,0,1
https://www.icicibank.com/,26,0,0,0,3,0,0,1,0,1,0,0,0,17,1,1,0,0
http://cutt.ly/7giBlBB,19,1,0,0,3,1,0,0,0,0,0,0,1,7,8,0,0,1
https://www.irctc.co.in/about,29,3,0,0,3,0,0,2,0,1,0,0,0,15,6,0,0,0
http://bit.ly/yA92d7o,21,0,0,0,3,6,0,0,1,0,0,0,1,6,8,0,0,1
http://kslwz.tk/google/suspend/account@google.com/suspend.php,61,3,0,0,6,0,1,0,0,0,0,1,0,8,46,0,0,1
https://netflixpjuadgen.net/account/index.html,47,2,2,0,4,0,0,0,0,1,0,1,0,19,19,0,0,1
https://nseindia.com/search?q=result,36,1,0,0,3,0,0,0,0,1,0,0,0,12,7,0,1,0
https://www.linkedin.com/products,33,2,0,0,3,0,0,1,0,1,0,0,0,16,9,0,0,0
https://www.github.com/user/profile/settings,44,2,0,0,5,0,0,1,0,1,0,0,0,14,22,0,0,0
http://microsoft.update.sxylka.top/update,41,3,0,0,3,0,0,2,0,1,0,0,0,27,7,0,0,1
https://www.medium.com/login/u7onz3?ref=email&utm_id=5355,57,2,0,1,4,6,0,1,0,1,0,1,0,12,13,0,2,0
http://hdfcbank-verify-secure.cf/verify/index.php,49,2,0,0,4,0,0,0,0,0,0,1,0,28,17,1,0,1
https://www.nptel.ac.in/news/today,34,3,1,0,4,0,0,2,0,1,0,0,0,15,10,0,0,0
https://wikipedia.org/contact,27,1,0,0,3,0,0,0,0,1,0,0,0,13,8,0,0,0
http://sbi.account.9jpdmn.top/account,37,3,0,0,3,3,0,1,0,1,0,1,0,22,8,0,0,1
https://www.medium.com/docs/api/reference,41,1,0,0,5,0,0,1,0,1,0,0,0,14,19,0,0,0
https://www.aicte-india.org/search?q=result,43,2,1,0,3,0,0,0,0,1,0,0,0,19,9,1,1,0
http://225.3.59.6/account/amazon,32,3,0,0,4,7,0,2,1,0,0,1,0,10,15,0,0,1
https://www.ugc.gov.in/about,28,3,0,0,3,0,0,2,0,1,0,0,0,14,6,0,0,0
http://cpple.top/netflix/confirm/account@netflix.com/confirm.php,64,0,0,0,6,0,1,0,0,0,0,1,0,9,48,0,0,1
https://www.linkedin.com/about,30,2,0,0,3,0,0,1,0,1,0,0,0,16,6,0,0,0
https://www.flipkart.com/products,33,2,0,0,3,0,0,1,0,0,0,0,1,16,9,0,0,0
https://www.icicibank.com/products,34,2,0,0,3,0,0,1,0,1,0,0,0,17,9,0,0,0
http://148.119.118.63/account/paypal,36,3,0,0,4,11,0,2,1,0,0,1,0,14,15,0,0,1
https://www.nptel.ac.in/user/profile/settings,45,3,0,0,5,0,0,2,0,1,0,0,0,15,22,0,0,0
http://netflix.account.jrhe45.tk/account,40,0,0,0,3,2,0,2,0,0,0,1,0,25,8,0,0,1
http://instagram.suspend.lgq9az.tk/suspend,42,3,0,0,3,1,0,2,0,0,0,0,0,27,8,0,0,1
https://www.apple.com/secure/05qmktgv4?ref=email&utm_id=3293,60,2,0,1,4,7,0,1,0,1,0,1,0,13,17,1,2,0
http://mydce.top/paypal/login/account@paypal.com/login.php,58,3,0,0,6,0,1,0,0,0,0,1,0,9,42,0,0,1
http://instagram.confirm.nwoska.cf/confirm,42,3,0,0,3,0,0,2,0,0,0,1,1,27,8,0,0,1
https://irctc.co.in/account/dashboard,37,2,0,0,4,0,0,1,0,1,0,1,0,12,18,1,0,0
http://186.46.40.137/confirm/netflix,36,3,0,0,4,7,0,0,1,0,0,1,0,13,17,0,0,1
http://253.46.253.100/confirm/amazon,36,3,0,0,4,11,0,2,1,0,0,1,1,14,15,0,0,1
http://amazon-secure-secure.tk/secure/index.php,47,2,2,0,4,0,0,0,0,1,0,1,0,22,17,1,0,1
https://www.irctc.co.in/blog/2024/article,38,3,0,0,5,4,0,2,0,1,0,1,0,17,18,0,0,0
http://227.87.253.22/confirm/netflix,36,3,0,0,4,9,0,2,1,0,0,1,1,13,16,0,0,1
https://www.linkedin.com/contact,32,2,0,0,3,0,0,1,0,1,0,0,0,17,8,0,0,0
https://wikipedia.org/user/profile/settings,43,0,0,0,5,0,0,0,0,1,0,0,0,13,22,0,0,0
https://www.icicibank.com/news/today,36,2,0,0,4,0,0,1,0,1,0,0,0,15,11,0,0,0
https://www.medium.com/news/today,33,2,0,0,4,0,0,1,1,1,0,0,0,14,11,0,0,0
http://microsoft.suspend.mqt3dg.xyz/suspend,43,3,0,0,3,1,0,2,0,0,0,1,1,28,8,0,0,1
http://netflix-signin-secure.click/signin/index.php,51,2,2,0,4,0,0,0,0,0,0,1,0,27,17,1,0,1
https://www.icicibank.com/login/y64y?ref=email&utm_id=3443,55,2,2,1,4,9,0,1,0,1,0,1,0,17,11,0,2,0
http://cutt.ly/vlo3x7b,22,1,0,0,3,1,0,0,0,0,0,0,1,5,8,0,0,1
https://www.linkedin.com/products,33,2,0,0,3,0,0,1,0,1,0,0,1,16,9,0,0,0
https://icicibankkrzzuadzq.co/account/index.html,48,2,0,0,4,0,0,0,0,1,0,1,0,21,19,0,0,1
https://www.icicibank.com/update/xtjgce?ref=email&utm_id=2808,61,2,0,1,4,4,0,1,0,1,0,1,0,19,14,0,2,0
https://www.linkedin.com/news/today,35,2,0,0,4,0,0,1,0,1,0,0,0,16,11,0,0,0
https://www.aicte-india.org/about,33,2,1,0,3,0,0,1,0,1,0,0,0,19,6,1,0,0
http://tinyurl.com/m3D6ECd,26,1,0,0,3,2,0,0,0,0,0,0,0,11,8,0,0,1
https://hdfcbank.com/contact,28,1,2,0,3,0,0,0,0,1,0,0,1,12,8,0,0,0
https://rbi.org.in/,19,2,0,0,3,0,0,1,1,1,0,0,0,10,1,0,0,0
https://www.stackoverflow.com/confirm/7dypmlvak?ref=email&utm_id=6729,69,2,0,1,4,5,0,1,0,1,0,1,0,21,18,0,2,0
http://hdfcbank-signin-secure.info/signin/index.php,51,0,2,0,4,0,0,0,0,0,0,1,0,27,19,1,0,1
http://plmub.ml/hdfcbank/signin/account@hdfcbank.com/signin.php,63,3,0,0,6,0,1,0,0,0,0,1,0,8,48,0,0,1
https://linkedin.com/help/faq,29,4,0,0,4,0,0,0,0,1,0,0,0,12,9,0,0,0
https://icicibank.com/help/faq,30,1,0,0,4,0,0,0,0,1,0,0,0,13,9,0,0,0
https://nptel.ac.in/user/profile/settings,41,0,0,0,5,0,0,1,0,1,0,0,0,11,22,0,0,0
https://microsoft.com/blog/2024/article,39,1,0,0,5,4,0,2,0,1,0,0,1,13,18,0,0,0
http://paypal.signin.prmoc0.cf/signin,37,3,0,0,3,1,0,2,0,0,0,1,0,23,7,0,0,1
http://tinyurl.com/DAijraB,26,4,0,0,3,0,0,0,0,1,0,0,0,11,8,0,0,1
https://icicibank.com/about,27,1,0,0,3,0,0,0,0,1,0,0,1,13,6,0,0,0
http://instagram-account-secure.info/account/index.php,54,2,2,0,4,0,0,0,0,0,0,0,0,29,16,1,0,1
https://www.wikipedia.org/,25,3,0,0,3,0,0,1,0,1,0,0,0,19,1,0,0,0
http://bit.ly/tFFqtri,21,1,2,0,3,0,0,0,0,1,0,0,1,6,8,0,0,1
http://cutt.ly/1gmfqyb,22,1,0,0,3,1,0,0,0,0,0,0,1,7,8,0,0,1
https://wikipedia.org/search?q=result,37,0,0,0,3,0,0,0,0,1,0,0,0,13,7,0,1,0
https://www.wikipedia.org/products,34,2,0,0,3,0,0,1,0,1,0,0,0,17,9,0,0,0
https://www.irctc.co.in/blog/2024/article,41,3,0,0,5,4,0,2,0,1,0,0,0,15,17,0,0,0
https://irctc.co.in/about,25,4,0,0,3,0,0,1,0,1,0,0,0,11,6,0,0,0
https://www.microsoft.com/help/faq,33,2,0,0,4,0,0,1,0,1,0,0,0,17,9,0,0,0
http://100.156.128.202/secure/instagram,39,3,0,0,4,12,0,2,1,0,0,1,0,15,17,0,0,1
https://www.flipkart.com/about,30,2,1,0,3,0,0,1,0,1,0,0,1,17,6,0,0,0
https://www.aicte-india.org/docs/api/reference,46,2,1,0,5,0,0,1,1,1,0,0,0,19,19,1,0,0
https://www.irctc.co.in/contact,31,3,0,0,3,0,0,2,0,1,0,0,0,15,8,0,0,0
https://www.google.com/search?q=result,38,2,0,0,3,3,0,1,0,1,0,0,0,11,7,0,1,0
http://icicibank.update.b0ufoj.click/update,43,3,0,0,3,1,0,2,0,0,0,1,0,31,7,0,0,1
https://sbiiyradnpio.co/account/index.html,42,2,0,0,4,0,0,0,0,1,0,1,0,15,19,0,0,1
http://bit.ly/edFhz8G,21,1,0,0,3,1,0,0,0,0,0,1,1,6,8,0,0,1
http://hya1eiva9t5-lxle0bct4350b.cf/login-netflix-login/confirm.php?id=6369,75,4,3,0,4,12,0,0,0,0,0,1,0,28,32,1,1,1
http://namca.top/netflix/account/account@netflix.com/account.php,64,3,0,0,6,0,1,0,0,0,0,1,0,9,48,0,0,1
http://ebutw.ml/instagram/signin/account@instagram.com/signin.php,65,3,0,0,6,3,1,0,0,0,0,1,0,8,53,0,0,1
http://hdfcbank.login.q6bkad.tk/login,35,3,0,0,3,1,0,2,0,0,0,1,0,24,6,0,0,1
http://cutt.ly/9kbAix0,22,1,0,0,3,2,0,0,0,0,0,0,1,7,8,0,0,1
https://www.flipkart.com/products,33,3,3,0,3,2,0,1,0,1,0,0,1,16,9,0,0,0
https://www.stackoverflow.com/user/profile/settings,51,2,0,0,5,0,0,1,0,1,0,1,0,21,22,0,0,0
https://amazon.in/products,23,1,0,0,3,0,0,0,0,1,0,0,0,10,7,0,0,0
http://blzpm.ga/microsoft/account/account@microsoft.com/account.php,67,3,0,0,6,0,1,0,0,0,0,1,0,8,52,0,0,1
http://177.250.121.43/suspend/google,36,3,0,0,4,11,0,0,1,0,0,1,0,14,15,0,0,1
http://amazon.verify.p5ch3s.ml/verify,37,3,1,0,3,2,0,2,0,0,0,1,0,23,7,0,0,1
http://v43k2x1j6kj8ve4au1-ie9jjf.info/account-paypal-account/confirm.php?id=1942,80,4,3,0,4,13,0,3,1,0,0,0,0,30,35,0,1,1
https://www.nptel.ac.in/user/profile/settings,45,3,0,0,5,0,0,2,0,1,0,0,0,13,22,0,0,0
http://b4othzm43hzs43d2jrbeygfvn.top/suspend-instagram-suspend/confirm.php?id=7191,82,2,2,0,4,10,0,0,0,0,0,1,0,29,38,0,1,1
https://amazon.in/news/today,30,1,0,0,4,0,0,0,0,1,0,0,0,10,11,0,0,0
http://icicibank-signin-secure.info/signin/index.php,52,2,5,0,4,0,0,0,0,0,0,1,0,28,17,1,0,1
https://www.aicte-india.org/account/dashboard,45,5,0,0,4,0,0,1,0,1,0,1,1,19,18,1,0,0
https://www.flipkart.com/about,30,2,0,0,3,0,0,1,1,1,0,0,1,16,4,0,0,0
https://linkedin.com/help/faq,27,1,0,0,4,0,0,1,0,1,0,0,0,12,9,0,0,0
https://microsofturjwvk.net/account/index.html,46,2,0,0,4,0,0,0,0,1,0,1,0,19,19,0,0,1
https://www.nptel.ac.in/contact,28,3,0,0,3,0,0,2,0,1,0,0,0,15,8,0,0,0
https://www.ugc.gov.in/products,31,3,0,0,3,0,0,2,0,1,0,0,0,14,9,0,0,0
https://www.linkedin.com/help/faq,33,2,0,0,4,0,0,1,1,0,0,0,0,16,9,0,0,0
http://tpeii.top/hdfcbank/account/account@hdfcbank.com/account.php,66,3,0,0,6,0,1,0,1,0,0,1,0,9,50,0,0,1
https://www.nptel.ac.in/account/dashboard,41,3,0,0,4,0,0,2,0,1,0,1,0,15,18,0,0,0
https://aicte-india.org/user/profile/settings,42,1,1,0,5,0,0,2,0,1,0,0,0,15,22,1,0,0
https://www.rbi.org.in/docs/api/reference,41,3,0,0,5,0,0,2,0,1,0,0,0,14,19,0,0,0
https://www.google.com/,23,2,0,0,3,0,0,1,0,1,0,0,0,14,1,1,0,0
http://a4kvl9c5oaoqioytyb2871m4j.xyz/suspend-netflix-suspend/confirm.php?id=4547,80,2,2,0,4,12,0,0,0,0,0,1,0,29,36,0,1,1
https://www.linkedin.com/user/profile/settings,46,2,0,0,5,0,0,2,1,1,0,0,0,16,22,0,0,0
https://microsofthlrzd.net/account/index.html,45,2,0,0,4,0,0,0,0,1,0,1,0,18,19,1,0,1
https://www.amazon.in/account/dashboard,39,2,0,0,4,0,0,1,0,1,0,1,0,13,18,0,0,0
https://flipkart.com/products,29,0,0,0,3,0,0,0,0,1,0,0,1,14,9,1,0,0
http://iof3q1-2prfnqbh4rn31r-1r0.top/suspend-paypal-suspend/confirm.php?id=4547,79,2,4,0,4,12,0,0,0,0,0,1,0,30,35,1,1,1
http://hdfcbank-verify-secure.tk/verify/index.php,49,2,0,0,4,0,0,0,0,0,0,1,0,25,17,1,0,1
https://www.flipkart.com/verify/7yxw?ref=email&utm_id=9871,59,2,0,1,4,5,0,1,0,1,0,1,1,16,12,0,2,0
http://233.23.250.119/account/paypal,36,3,0,0,4,14,0,2,1,0,0,1,0,14,15,0,0,1
http://cutt.ly/meE3tsl,22,1,0,0,3,1,0,0,0,0,0,0,1,6,5,0,0,1
http://tmb480oqmc9fu0ab87mbxlb-d.top/signin-sbi-signin/confirm.php?id=4826,74,2,3,0,4,11,0,0,0,0,0,1,0,29,30,1,1,1
https://www.ugc.gov.in/news/today,33,3,0,0,4,0,0,2,0,0,0,1,0,14,8,1,0,0
http://is.gd/B486G0h,20,0,0,0,3,4,0,0,0,1,0,0,1,5,8,0,0,1
http://bit.ly/Aj0DC9d,21,1,0,0,3,1,0,0,0,1,0,0,1,6,8,0,0,1
https://www.galgotiasuniversity.edu.in/help/faq,47,3,0,0,4,0,0,2,0,1,0,0,0,30,9,0,0,0
https://stackoverflow.com/news/today,36,1,0,0,4,0,0,0,0,1,0,0,0,17,11,1,0,0
https://icicibank.com/user/profile/settings,40,1,0,0,5,0,0,0,0,1,0,0,0,11,22,0,0,0
https://stackoverflow.com/help/faq,34,1,0,0,4,0,0,0,0,0,0,0,0,17,9,0,0,0
http://srnhq.click/instagram/verify/account@instagram.com/verify.php,68,3,0,0,6,0,1,0,0,0,0,1,0,11,50,0,0,1
http://yxrah.top/sbi/verify/account@sbi.com/verify.php,54,3,0,0,6,3,1,0,0,0,0,1,0,9,38,0,0,1
https://www.ugc.gov.in/about,28,3,0,0,3,0,0,2,1,0,0,0,0,14,8,0,0,0
https://www.irctc.co.in/login/3n27m5p7e?ref=email&utm_id=4714,61,3,0,1,4,12,0,2,0,1,0,1,0,14,16,0,2,0
http://instagram.account.duahgk.xyz/account,43,3,0,0,3,0,0,2,0,0,0,1,0,28,8,0,0,1
http://microsoft.confirm.kw1xsr.top/confirm,43,3,0,0,3,1,0,2,0,0,0,1,1,28,8,0,0,1
https://www.github.com/help/faq,31,2,0,0,4,1,0,1,1,1,0,0,1,14,9,0,0,0
https://www.medium.com/products,31,2,0,0,3,1,0,1,0,1,0,0,0,14,9,0,0,0
https://www.nseindia.com/account/0iiji44?ref=email&utm_id=6833,62,2,0,1,4,7,0,1,0,1,0,1,0,17,16,0,2,0
https://www.amazon.in/search?q=result,37,2,0,0,3,0,0,1,0,1,0,0,0,13,7,0,1,0
http://icicibank.verify.1yuzpe.ga/verify,40,3,0,0,3,1,0,2,0,0,0,1,0,26,7,0,0,1
http://cutt.ly/kyaF7fm,22,1,0,0,3,1,0,0,0,0,0,0,1,7,8,0,0,1
http://icicibank-suspend-secure.info/suspend/index.php,54,2,2,0,4,0,0,0,0,0,0,1,1,29,18,1,0,1
https://irctc.co.in/about,25,2,0,0,3,0,0,1,0,1,0,0,0,11,6,0,0,0
https://instagramstekmyfw.net/account/index.html,48,2,0,0,4,0,0,0,0,1,0,1,0,21,19,0,0,1
http://bit.ly/Bv1C3j0,21,1,0,0,3,5,0,3,0,0,0,0,1,6,7,0,0,1
http://bit.ly/c5utpwz,21,2,0,0,3,0,0,0,0,0,0,0,1,6,8,0,0,1
https://www.flipkart.com/,25,2,0,0,3,0,0,1,0,1,0,0,1,16,1,0,0,0
https://www.aicte-india.org/docs/api/reference,46,2,1,0,5,0,0,1,0,1,0,0,0,19,17,1,0,0
http://cdvwy.ga/sbi/update/account@sbi.com/update.php,53,3,0,0,6,0,1,0,0,0,0,1,1,8,38,0,0,1
http://sbi.secure.9i71a5.info/secure,36,3,0,0,3,4,0,2,0,1,0,1,0,25,7,0,0,1
http://vda0v57esnrwgfbevsynvufrw.cf/suspend-paypal-suspend/confirm.php?id=5768,78,0,2,0,4,9,0,0,0,0,0,1,0,28,35,0,1,1
http://microsoft-secure-secure.tk/secure/index.php,51,2,2,0,4,0,0,0,0,0,0,1,0,26,19,1,0,1
https://www.irctc.co.in/blog/2024/article,41,3,0,0,5,4,0,2,0,1,0,0,0,15,18,0,0,0
http://hdfcbank-secure-secure.top/secure/index.php,50,2,2,0,4,0,0,0,0,0,0,1,0,26,17,1,0,1
http://56.11.39.152/signin/google,33,2,0,0,4,9,0,0,1,0,0,1,0,12,14,0,0,1
http://2hfei4jtuz9877-6f-tu9pw3k.xyz/verify-microsoft-verify/confirm.php?id=5263,80,2,4,0,4,13,0,0,0,0,0,1,0,29,36,1,1,1
https://www.icicibank.com/help/faq,35,2,2,0,4,0,0,1,0,1,0,0,0,17,9,0,0,0
https://www.icicibank.com/docs/api/reference,44,2,0,0,5,0,0,1,0,1,0,0,0,17,19,0,0,0
http://instagram.account.jpkhf3.ml/account,42,3,0,0,3,0,0,2,0,0,0,1,0,27,8,0,0,1
https://www.ugc.gov.in/,23,3,0,0,3,0,0,0,0,1,0,0,0,12,1,0,0,0
https://www.rbi.org.in/user/profile/settings,44,3,0,0,5,0,0,2,0,1,0,0,0,14,22,0,0,0
https://netflixckayrsw.net/account/index.html,45,2,0,0,4,0,0,0,0,1,0,1,0,18,19,0,0,1
http://netflix.account.a4po5c.tk/account,40,3,0,0,3,2,0,2,0,0,0,1,0,25,8,0,0,1
https://www.irctc.co.in/secure/u38gl2zx?ref=email&utm_id=5533,61,3,0,1,4,7,0,2,0,1,0,1,0,15,16,0,2,0
http://amazon-account-secure.info/account/index.php,51,2,2,0,4,0,0,0,0,0,0,1,0,26,18,1,0,1
https://www.icicibank.com/account/kwe4bx4lr?ref=email&utm_id=9856,65,3,0,1,4,6,0,1,0,1,0,1,0,17,16,0,2,0
http://186.2.176.94/suspend/instagram,37,3,0,0,4,9,0,2,1,0,0,1,0,12,18,0,0,1
https://www.medium.com/blog/2024/article,40,2,0,0,5,2,0,1,0,1,0,0,0,14,18,0,0,0
https://www.wikipedia.org/products,34,4,1,0,3,0,0,0,0,1,0,0,0,17,9,0,0,0
http://tinyurl.com/y2gFpfe,26,1,0,0,3,1,0,0,0,0,0,0,1,11,8,0,0,1
https://www.nptel.ac.in/account/dashboard,41,3,3,0,4,0,0,2,0,1,0,1,0,15,18,0,0,0
https://www.irctc.co.in/account/eq20?ref=email&utm_id=4396,58,3,0,1,4,6,0,2,0,1,0,1,0,15,13,0,2,0
http://microsoft.verify.twbksd.xyz/verify,41,6,0,0,3,0,0,2,0,0,0,1,0,27,7,0,0,1
https://www.nseindia.com/help/faq,33,2,0,0,4,0,0,1,0,1,0,0,0,16,9,1,0,0
http://48.172.90.8/account/amazon,33,3,0,0,4,8,0,2,1,1,0,1,0,11,15,1,0,1
https://www.github.com/products,31,2,0,0,3,0,0,1,0,1,0,0,0,14,9,0,0,0
https://www.stackoverflow.com/account/dashboard,47,2,0,0,4,0,0,0,0,1,0,1,0,21,18,0,0,0
http://is.gd/xqFyrqt,20,1,0,0,3,0,0,0,0,0,0,0,1,5,8,0,0,1
https://www.amazon.in/about,27,2,0,0,3,0,0,1,0,1,0,0,0,13,6,0,0,0
http://120.116.228.226/update/microsoft,39,3,0,0,4,12,0,2,1,0,0,0,0,15,17,1,0,1
http://h9varwbdjm39arwd1bqfetobs.cf/verify-icicibank-verify/confirm.php?id=2238,79,2,2,0,4,8,0,0,1,0,0,1,0,28,36,0,1,1
https://www.linkedin.com/user/profile/settings,46,2,2,0,5,0,0,1,0,1,0,0,0,16,22,0,0,0
http://7ahicatjk0oieatv2-ee3a95o.cf/login-icicibank-login/confirm.php?id=3494,78,2,3,0,4,9,0,0,0,0,0,1,0,25,34,1,1,1
https://www.icicibank.com/contact,33,2,0,0,3,3,0,1,0,1,0,0,0,17,8,0,0,0
https://microsoftgtexaq.co/account/index.html,45,2,0,0,4,0,0,0,0,1,0,0,0,18,19,1,0,1
https://www.google.com/confirm/2qb6gs8g?ref=email&utm_id=9814,63,2,0,1,4,7,0,4,0,1,0,1,0,14,17,0,2,0
https://sbiblvoazj.net/account/index.html,41,2,0,0,4,0,0,0,0,1,0,1,0,14,19,1,0,1
http://tinyurl.com/fEv95mB,26,1,0,0,3,2,0,1,0,0,0,0,1,11,8,1,0,1
http://amazon.verify.0n97cj.top/verify,38,3,0,0,3,3,0,2,0,0,0,1,0,24,8,0,0,1
https://www.wikipedia.org/products,34,2,0,0,3,0,0,1,0,1,0,0,0,17,9,0,0,0
https://www.medium.com/blog/2024/article,40,2,0,0,5,4,0,1,1,1,0,0,0,13,18,0,0,0
https://rbi.org.in/account/dashboard,36,2,0,0,4,0,0,1,0,1,0,1,0,10,18,0,0,0
http://paypal-update-secure.ga/update/index.php,47,2,2,0,4,0,0,0,0,0,0,1,0,23,17,1,0,1
https://www.icicibank.com/confirm/v0h0gq9c80?ref=email&utm_id=2955,66,2,0,1,4,9,0,1,0,1,0,1,0,17,19,0,2,0
http://f63s9u90f1p7kb8jzoo778wgq.ga/login-paypal-login/confirm.php?id=6283,74,2,2,0,4,12,0,0,0,0,0,1,0,28,31,0,1,1
http://instagram-confirm-secure.info/confirm/index.php,54,2,2,0,4,0,0,0,0,0,0,1,0,29,18,1,0,1
https://www.hdfcbank.com/docs/api/reference,43,2,0,0,5,0,0,1,0,1,0,0,0,14,19,0,0,0
https://www.microsoft.com/blog/2024/article,43,2,0,0,5,2,0,1,0,1,0,0,1,17,18,0,0,0
http://180.147.222.73/confirm/instagram,39,3,0,0,4,11,0,4,1,0,0,1,0,12,17,1,0,1
http://z69g1o2okgfiz63q0tli0ugbi.click/signin-amazon-signin/confirm.php?id=1640,79,2,2,0,4,12,0,0,0,0,0,1,0,31,33,0,1,1
https://www.icicibank.com/help/faq,32,2,0,0,4,0,0,1,0,1,0,0,0,17,9,0,0,0
http://paypal-verify-secure.xyz/verify/index.php,48,3,2,0,4,0,0,0,1,0,0,1,0,24,17,1,0,1
https://flipkart.com/news/today,31,1,0,0,4,0,0,0,0,1,0,0,1,12,12,0,0,0
http://119.198.173.192/signin/sbi,33,3,0,0,4,12,0,2,1,0,0,1,1,15,11,0,0,1
https://www.aicte-india.org/docs/api/reference,46,2,1,0,5,0,0,0,0,0,0,0,0,19,19,1,0,0
http://is.gd/ysG1Ass,20,1,0,0,3,1,0,0,0,0,0,0,1,5,8,0,0,1
https://www.hdfcbank.com/account/dashboard,42,2,0,0,4,0,0,1,0,1,0,1,0,16,18,0,0,0
http://jsans.click/paypal/suspend/account@paypal.com/suspend.php,64,3,0,0,6,0,1,0,0,0,0,1,0,11,46,0,0,1
https://www.nptel.ac.in/search?q=result,39,3,2,0,3,0,0,2,0,1,0,0,0,15,7,0,1,0
https://flipkart.com/help/faq,29,1,2,0,4,0,0,0,0,1,0,0,1,12,9,1,0,0
https://www.microsoft.com/news/today,36,2,0,0,4,0,0,1,0,1,0,0,1,17,11,0,0,0
http://bcan79u2qp3xnv2mk58j5f3ra.ga/account-paypal-account/confirm.php?id=1722,78,2,2,0,4,10,0,0,0,0,0,1,0,28,35,1,1,1
http://hdfcbank-login-secure.top/login/index.php,48,2,2,0,4,0,0,0,0,0,0,1,0,25,16,1,0,1
https://www.medium.com/user/profile/settings,44,2,0,0,5,0,0,1,0,1,0,0,0,14,22,0,0,0
https://www.irctc.co.in/products,32,3,0,0,3,0,0,2,0,1,0,0,0,15,9,0,0,0
https://google.com/search?q=result,34,1,0,0,3,0,0,0,0,1,0,0,0,10,7,0,1,0
http://22.83.43.194/login/paypal,32,3,0,0,4,9,0,2,1,0,0,1,0,12,13,0,0,1
http://microsoft-secure-secure.info/secure/index.php,52,2,0,0,4,0,0,0,0,1,0,1,0,28,17,1,0,1
https://www.linkedin.com/account/dashboard,44,2,0,0,4,0,0,1,0,1,0,1,0,16,18,0,0,0
http://sbi.account.gsb98v.click/account,39,3,0,0,3,2,0,2,0,0,0,1,0,24,8,0,0,1
http://pa4n5h2jazb2ezcef3ctg190z.ga/account-sbi-account/confirm.php?id=5666,75,2,2,0,4,12,0,0,0,0,0,1,0,28,32,0,1,1
http://hdfcbank.secure.a2lr9p.ml/secure,39,3,0,0,3,5,0,2,0,0,0,1,0,25,7,0,0,1
https://www.apple.com/news/today,32,2,0,0,4,0,0,1,0,1,0,0,0,13,12,0,0,0
https://www.linkedin.com/account/dashboard,42,5,0,0,4,0,0,1,0,1,0,1,0,16,18,0,0,0
https://www.apple.com/,22,2,0,0,3,0,0,1,0,1,0,1,0,13,1,0,0,0
https://sbivdhqfuj.net/account/index.html,42,2,0,0,4,0,0,0,0,1,0,1,0,14,19,0,0,1
https://www.nseindia.com/search?q=result,40,2,0,0,3,0,0,1,0,1,0,0,1,16,7,0,1,0
https://icicibankdsfpob.com/account/index.html,48,2,0,0,4,0,0,0,0,1,0,1,0,20,19,0,0,1
http://e0seyyzvr5sos9wn-lbb4m1a6.info/suspend-icicibank-suspend/confirm.php?id=6591,85,2,3,0,4,10,0,0,0,0,0,1,0,30,38,1,1,1
http://nnxvo.tk/icicibank/signin/account@icicibank.com/signin.php,65,3,0,0,6,0,1,0,0,0,0,1,0,8,49,0,0,1
http://12eqekgw0qfcglckwt3e187v5.info/update-microsoft-update/confirm.php?id=2833,81,2,2,0,4,12,0,0,0,0,0,1,0,30,36,0,1,1
http://sbi-confirm-secure.top/confirm/index.php,47,0,2,0,4,0,0,3,0,0,0,1,0,22,18,1,0,1
https://irctc.co.in/account/dashboard,37,2,0,0,4,0,0,1,0,1,0,1,0,11,18,0,0,0
http://cutt.ly/nm0qjsh,22,1,0,0,3,1,0,0,0,0,0,1,1,7,10,0,0,1
https://www.microsoft.com/contact,33,2,0,0,3,0,0,0,0,1,0,0,1,20,8,0,0,0
http://google.confirm.2ug05w.ml/confirm,39,3,0,0,3,3,0,2,0,0,0,1,0,21,8,0,0,1
http://fa38dl-gc2yx7cx0ytkozul17.click/login-google-login/confirm.php?id=1129,80,2,3,0,4,11,0,0,0,0,0,1,0,31,31,0,1,1
https://www.apple.com/account/dashboard,39,0,0,0,4,0,0,1,0,1,0,1,0,13,18,1,0,0
http://-sdqydfovd8-c-mw-e50k0vk3.tk/secure-google-secure/confirm.php?id=7557,76,2,6,0,4,9,0,0,0,0,0,1,0,28,33,1,1,1
https://medium.com/,19,1,0,0,3,0,0,0,0,1,0,0,0,10,1,0,0,0
https://www.stackoverflow.com/news/today,40,2,0,0,4,0,0,1,0,1,0,0,0,21,11,0,0,0
https://www.flipkart.com/suspend/tb74?ref=email&utm_id=8912,59,1,0,1,4,6,0,1,0,0,0,1,1,16,13,0,2,0
https://www.irctc.co.in/login/3xphx2kbvs?ref=email&utm_id=4795,62,3,0,1,4,6,0,2,0,0,0,1,0,15,17,0,2,0
https://www.aicte-india.org/help/faq,36,2,1,0,4,0,0,0,0,1,0,0,0,19,9,0,0,0
http://70.35.8.67/secure/amazon,31,5,0,0,4,7,0,2,1,0,0,1,0,10,15,0,0,1
https://www.github.com/account/dashboard,40,2,0,0,4,0,0,1,1,1,0,1,0,14,21,0,0,0
https://www.medium.com/products,31,2,0,0,3,2,0,0,0,1,0,0,0,14,9,0,0,0
http://microsoft.secure.9y1xu2.ga/secure,40,3,0,0,3,3,0,2,0,0,0,1,0,28,7,0,0,1
https://www.linkedin.com/user/profile/settings,46,2,3,0,5,0,0,1,0,1,0,1,0,16,22,0,0,0
https://www.microsoft.com/search?q=result,41,2,0,0,3,3,0,1,0,1,0,0,1,20,7,0,1,0
https://www.amazon.in/products,30,2,0,0,3,0,0,1,0,1,0,0,1,13,9,0,0,0
https://www.apple.com/blog/2024/article,39,3,0,0,5,4,0,1,0,1,0,0,0,13,18,0,0,0
https://www.ugc.gov.in/docs/api/reference,41,3,0,0,5,0,0,2,0,1,0,0,0,14,19,0,0,0
https://www.github.com/news/today,33,2,3,0,4,0,0,1,0,1,0,0,0,14,11,0,0,0
https://www.icicibank.com/search?q=result,41,2,0,0,3,0,0,1,0,1,0,0,0,17,7,0,1,0
https://www.wikipedia.org/,26,2,0,0,3,0,0,1,0,1,0,0,0,17,1,0,0,0
http://ubaul.click/hdfcbank/suspend/account@hdfcbank.com/suspend.php,68,3,0,0,6,1,1,0,0,0,0,1,0,13,48,0,0,1
https://www.rbi.org.in/about,28,3,0,0,3,0,0,2,0,1,0,0,0,14,6,0,0,0
https://microsoftwqglxqsfn.net/account/index.html,49,2,0,0,4,0,0,0,1,1,0,1,0,22,19,0,0,1
https://www.github.com/user/profile/settings,44,2,0,0,5,0,0,1,0,1,0,0,0,14,22,0,0,0
https://www.nseindia.com/contact,32,2,0,0,3,0,0,1,0,1,0,0,0,16,8,0,0,0
https://flipkart.com/docs/api/reference,39,1,0,0,5,0,0,0,0,1,0,0,1,12,19,0,0,0
https://www.irctc.co.in/search?q=result,39,3,0,0,3,0,0,2,0,1,0,0,0,15,7,0,1,0
http://5cs01a1u8dvo453p1lqd9vnpi.ga/secure-microsoft-secure/confirm.php?id=7657,79,5,2,0,4,14,0,0,0,0,0,1,0,28,36,0,1,1
http://sbi-secure-secure.info/secure/index.php,46,2,2,0,4,0,0,0,1,0,0,1,0,22,15,0,0,1
https://www.galgotiasuniversity.edu.in/news/today,49,3,0,0,4,0,0,2,0,1,0,0,0,30,11,0,0,0
https://www.amazon.in/blog/2024/article,39,2,0,0,5,4,0,1,0,0,0,0,0,13,18,0,0,0
http://64.198.22.69/secure/paypal,33,3,0,0,4,7,0,2,1,0,0,1,0,9,14,0,0,1
http://fqest.xyz/google/signin/account@google.com/signin.php,60,3,0,0,6,0,1,0,1,0,0,1,0,9,44,0,0,1
https://www.stackoverflow.com/confirm/uws4?ref=email&utm_id=5819,64,0,0,1,4,5,0,1,0,1,0,1,0,21,13,0,2,0
http://tpbd8y-z4-k5--ns1pakgdftw.ga/account-google-account/confirm.php?id=2640,78,2,6,0,4,11,0,0,0,0,0,1,1,28,35,1,1,1
https://ugc.gov.in/account/dashboard,36,0,0,0,4,0,0,1,0,1,0,1,0,11,18,0,0,0
http://334c-nu-96mtkmccduefs5vry.info/signin-microsoft-signin/confirm.php?id=4127,81,2,4,0,4,10,0,0,0,0,0,1,0,30,36,1,1,1
https://hdfcbankgaodwppz.com/account/index.html,47,5,0,0,4,0,0,0,0,1,0,1,0,21,19,1,0,1
https://www.rbi.org.in/user/profile/settings,44,3,0,0,5,0,0,2,0,0,0,0,0,14,22,0,0,0
http://hdfcbank-secure-secure.tk/secure/index.php,49,2,2,0,4,1,0,0,0,0,0,1,0,25,17,1,0,1
https://icicibankrkdpr.com/account/index.html,45,2,0,0,4,0,0,0,0,1,0,1,1,18,19,0,0,1
https://www.apple.com/products,27,0,0,0,3,0,0,1,0,1,0,0,0,14,9,0,0,0
https://instagramzbezsppo.co/account/index.html,47,0,0,0,4,0,0,0,0,1,0,1,0,19,19,0,0,1
https://www.wikipedia.org/confirm/ftdrluxm6?ref=email&utm_id=4161,65,2,0,1,4,5,0,1,0,1,0,1,1,17,21,0,2,0
https://www.wikipedia.org/secure/qydb?ref=email&utm_id=7987,59,2,0,1,4,4,0,1,0,1,0,1,0,17,12,0,2,0
https://www.nptel.ac.in/search?q=result,39,3,0,0,3,0,0,2,0,1,0,0,0,15,7,0,1,0
https://www.wikipedia.org/contact,33,2,0,0,3,0,0,1,0,1,0,0,0,17,8,0,0,0
https://www.linkedin.com/account/dashboard,42,2,0,0,4,0,0,1,0,1,0,1,0,16,18,0,0,0
https://www.hdfcbank.com/account/dashboard,42,0,0,0,4,0,0,4,0,1,0,1,0,16,18,0,0,0
https://www.ugc.gov.in/help/faq,31,3,0,0,4,0,0,2,0,1,0,0,0,13,9,0,0,0
https://www.amazon.in/secure/6v5t1dx?ref=email&utm_id=9835,58,2,0,1,4,7,0,1,0,1,0,1,0,10,15,1,2,0
https://www.stackoverflow.com/,30,2,0,0,3,0,0,1,0,1,0,0,0,21,1,1,0,0
https://nseindia.com/help/faq,29,1,0,0,4,0,0,0,0,1,0,0,0,12,9,0,0,0
https://www.flipkart.com/contact,32,2,0,0,3,0,0,1,0,1,0,0,1,16,8,0,0,0
https://www.github.com/verify/06xq9jb35?ref=email&utm_id=5760,61,2,0,1,4,9,0,1,0,1,0,1,0,14,17,0,2,0
http://2.143.115.205/secure/icicibank,37,3,0,0,4,10,0,2,1,0,0,1,0,13,17,0,0,1
https://www.irctc.co.in/account/dashboard,41,3,0,0,4,0,0,2,0,1,0,1,1,15,18,0,0,0
https://microsoft.com/search?q=result,37,1,0,0,3,0,0,0,0,1,0,0,1,13,7,0,1,0
https://hdfcbank.com/docs/api/reference,39,1,0,0,5,0,0,0,0,1,0,0,0,12,19,0,0,0
http://gxifh.top/amazon/confirm/account@amazon.com/confirm.php,59,3,0,0,6,0,1,0,0,0,0,1,0,9,48,0,0,1
https://www.github.com/account/dashboard,40,2,3,0,4,3,0,1,0,1,0,1,0,14,18,0,0,0
http://sbi.signin.pcaduv.info/signin,36,3,0,0,3,0,0,2,0,0,0,1,0,22,7,0,0,1
http://microsoft.account.4rmpnf.ga/account,41,3,0,0,3,1,0,2,0,0,0,1,0,27,8,0,0,1
https://github.com/contact,26,1,0,0,3,0,0,0,0,1,0,0,0,10,8,0,0,0
http://n9oog6vdlhwv6gmwyxaqlf5aj.info/signin-icicibank-signin/confirm.php?id=8785,81,2,2,0,4,8,0,0,0,0,0,1,0,30,36,0,1,1
http://amazon.signin.70bilk.top/signin,38,3,0,0,3,2,0,2,0,0,0,1,0,24,7,0,0,1
http://sbi.update.b79yj6.top/update,35,3,0,0,3,3,0,2,1,0,0,1,0,21,7,1,0,1
https://paypalnxokyq.co/account/index.html,42,2,3,0,4,0,0,0,0,1,0,1,0,15,16,0,0,1
https://www.linkedin.com/products,33,1,0,0,3,0,0,1,0,1,0,0,0,16,11,0,0,0
https://hdfcbank.com/about,26,1,0,0,3,0,0,0,0,0,0,0,0,12,6,0,0,0
http://icicibank-signin-secure.xyz/signin/index.php,51,0,2,0,4,0,0,0,0,0,0,1,0,27,14,1,0,1
https://www.nseindia.com/docs/api/reference,43,2,0,0,5,0,0,1,0,1,0,0,0,16,19,0,0,0
http://bit.ly/pu7fwos,21,1,0,0,3,1,0,0,0,0,0,0,1,4,8,0,0,1
http://fvigu.tk/netflix/secure/account@netflix.com/secure.php,63,3,0,0,6,0,1,0,0,0,0,1,0,8,44,0,0,1
http://ytfhf.ml/netflix/account/account@netflix.com/account.php,63,3,0,0,6,0,1,0,0,0,0,1,0,8,48,0,0,1
http://is.gd/ozqabCy,20,1,0,0,3,3,0,0,0,0,0,0,1,5,8,0,0,1
http://tinyurl.com/quxt584,26,1,0,0,3,3,0,0,0,0,0,0,1,11,8,0,0,1
http://bit.ly/rqejmcu,21,1,0,0,3,0,0,0,0,0,0,0,1,6,8,0,0,1
https://ugc.gov.in/account/dashboard,36,2,2,0,4,0,0,1,0,0,0,1,0,10,18,1,0,0
https://hdfcbankpslpqii.net/account/index.html,46,2,0,0,4,0,0,0,0,1,0,1,0,19,19,0,0,1
https://www.github.com/account/dashboard,40,2,0,0,4,0,0,1,0,1,0,0,0,14,18,0,0,0
http://bslzz.xyz/google/confirm/account@google.com/confirm.php,62,3,0,0,6,0,1,0,0,0,0,1,0,9,46,0,0,1
https://instagramzsomoo.net/account/index.html,46,2,0,0,4,0,0,0,0,1,0,1,0,18,19,0,0,1
https://netflixtyplliy.com/account/index.html,44,2,2,0,4,0,0,0,0,1,0,1,1,18,19,0,0,1
http://amazon-update-secure.top/update/index.php,48,2,2,0,4,0,0,0,0,0,0,0,0,21,17,1,0,1
https://www.stackoverflow.com/help/faq,40,2,0,0,4,0,0,1,0,1,0,0,0,21,9,0,0,0
https://www.github.com/products,31,0,0,0,3,0,0,3,0,1,0,0,0,14,9,0,0,0
http://tinyurl.com/sy9j9hb,26,1,3,0,3,2,0,0,1,1,0,0,1,11,8,0,0,1
https://www.icicibank.com/about,31,2,0,0,3,0,0,1,0,1,0,0,0,17,6,1,0,0
http://bit.ly/Gve2Gxb,21,1,0,0,3,1,0,0,0,0,0,0,1,9,8,0,0,1
http://b87ktfsl7-wszybbf5heuvk0p.ga/account-paypal-account/confirm.php?id=5177,78,2,3,0,4,9,0,0,0,0,0,1,0,28,35,1,1,1
https://stackoverflow.com/docs/api/reference,47,1,0,0,5,0,0,0,0,1,0,0,0,17,19,0,0,0
https://www.stackoverflow.com/help/faq,38,4,0,0,4,0,0,1,0,1,0,0,0,21,9,0,0,0
http://microsoft.verify.x2jz8k.tk/verify,40,3,0,0,3,2,0,4,0,0,0,1,0,26,7,1,0,1
https://www.stackoverflow.com/docs/api/reference,48,2,0,0,5,0,0,1,0,1,0,1,0,21,19,0,0,0
http://cutt.ly/GB889y9,22,1,0,0,3,4,0,0,0,0,0,0,1,7,8,0,0,1
http://251.69.104.107/login/paypal,34,3,3,0,4,11,0,2,1,0,0,1,0,14,13,0,0,1
https://www.wikipedia.org/blog/2024/article,43,2,0,0,5,5,0,1,0,1,0,0,0,17,18,0,0,0
http://microsoft.signin.cpwrut.ga/signin,40,3,0,0,3,0,0,2,0,0,0,1,0,26,7,0,0,1
https://www.nptel.ac.in/about,29,3,0,0,3,0,0,2,0,1,0,0,0,13,6,0,0,0
http://microsoft.verify.15h3qo.ga/verify,40,3,2,0,3,3,0,2,0,0,0,1,0,26,7,0,0,1
https://www.aicte-india.org/help/faq,36,2,0,0,4,0,0,1,0,1,0,0,0,19,9,1,0,0
https://www.ugc.gov.in/help/faq,31,3,0,0,4,0,0,2,0,1,0,0,0,14,9,0,0,0
http://krbft.info/google/login/account@google.com/login.php,59,3,0,0,6,0,1,0,0,0,0,1,0,10,42,0,0,1
https://www.hdfcbank.com/help/faq,33,2,0,0,4,0,0,1,1,1,0,0,0,16,9,0,0,0
http://eaepz.click/amazon/suspend/account@amazon.com/suspend.php,64,3,0,0,6,0,1,0,0,0,0,1,0,11,46,0,0,1
https://www.stackoverflow.com/about,35,0,0,0,3,3,0,1,1,1,0,0,0,21,6,0,0,0
https://www.aicte-india.org/about,33,2,0,0,3,0,0,1,0,1,0,0,0,19,6,1,0,0
https://www.medium.com/suspend/zrlf8a?ref=email&utm_id=2675,59,2,0,1,4,5,0,4,0,1,0,1,0,15,15,0,2,0
http://is.gd/tsgFusv,20,3,0,0,3,0,0,0,0,0,0,0,1,5,8,0,0,1
https://www.flipkart.com/blog/2024/article,42,2,0,0,5,4,0,1,0,0,0,0,1,15,18,0,0,0
https://rbi.org.in/blog/2024/article,36,2,0,0,5,4,0,1,0,1,0,0,0,10,18,0,0,0
http://bit.ly/wzE0fG8,21,1,0,0,3,2,0,0,0,0,0,0,1,6,8,0,0,1
https://www.nptel.ac.in/search?q=result,39,3,0,0,3,0,0,2,0,1,0,0,0,15,7,0,1,0
https://www.hdfcbank.com/contact,32,3,0,0,3,0,0,1,0,1,0,0,0,17,8,0,0,0
http://is.gd/50rimbo,20,1,0,0,3,2,0,0,0,0,0,0,1,5,8,0,0,1
https://googlepeerjwv.net/account/index.html,44,2,0,0,4,0,0,0,0,1,0,0,1,17,19,0,0,1
http://paypal.verify.v35xud.ga/verify,37,3,0,0,3,2,0,2,0,0,0,1,0,20,7,0,0,1
http://tinyurl.com/cEllD3p,26,1,0,0,3,1,0,0,0,0,0,0,1,11,6,0,0,1
http://5twhvx59up38w8jnljmodiun6.info/confirm-netflix-confirm/confirm.php?id=5859,81,2,2,0,4,11,0,0,0,0,0,1,1,30,36,0,1,1
http://tinyurl.com/vywhj7F,23,1,0,0,3,1,0,0,0,0,0,0,1,11,8,0,0,1
https://www.github.com/docs/api/reference,44,2,0,0,5,0,0,1,0,1,0,0,0,14,19,0,0,0
https://www.google.com/account/dashboard,40,0,0,0,4,0,0,1,0,1,0,1,0,14,18,0,0,0
https://hdfcbankfmfbhehzh.net/account/index.html,48,2,0,0,4,0,0,0,0,1,0,1,0,21,19,0,0,1
https://www.medium.com/user/profile/settings,44,4,0,0,5,0,0,1,0,1,0,0,0,14,22,0,0,0
http://tinyurl.com/ixowGrE,26,1,0,0,3,0,0,0,0,0,0,0,1,11,8,0,0,1
https://www.nseindia.com/verify/8a1ar?ref=email&utm_id=9169,59,2,0,1,4,6,0,1,0,1,0,1,0,16,13,0,2,0
http://paypal-secure-secure.click/secure/index.php,50,2,2,0,4,0,0,0,0,0,0,1,0,26,17,1,0,1
https://www.apple.com/secure/pp1noqu?ref=email&utm_id=4744,59,2,0,1,4,5,0,3,0,1,0,1,0,13,15,0,2,0
https://www.github.com/blog/2024/article,40,2,1,0,5,4,0,1,0,1,0,0,0,14,19,0,0,0
http://is.gd/C2r713C,20,2,0,0,3,5,0,0,0,0,0,0,1,5,8,0,0,1
http://kynedsysavvk13grxqvdc73g4.info/suspend-hdfcbank-suspend/confirm.php?id=1323,82,2,4,0,4,9,0,0,0,0,0,1,0,30,37,0,1,1
https://www.linkedin.com/,25,2,0,0,3,0,0,1,0,1,0,0,0,16,1,0,0,0
http://icicibank-update-secure.ga/update/index.php,50,2,2,0,4,0,0,0,0,0,0,1,0,26,17,1,0,1
https://microsoft.com/search?q=result,37,1,0,0,3,0,0,0,0,1,0,0,1,13,7,0,1,0
https://www.rbi.org.in/products,31,3,0,0,3,0,0,2,1,1,0,0,0,14,9,0,0,0
https://hdfcbank.com/,21,0,0,0,3,0,0,0,0,1,0,0,0,13,1,0,0,0
http://icicibank-verify-secure.xyz/verify/index.php,51,0,2,0,4,0,0,3,0,0,0,1,0,27,17,1,0,1
http://ekvxc.tk/google/login/account@google.com/login.php,58,3,0,0,6,0,1,0,0,0,0,1,0,8,42,0,0,1
https://www.github.com/help/faq,31,2,0,0,4,0,0,1,0,1,0,0,0,14,9,0,0,0
http://cutt.ly/eizw3Gn,20,1,0,0,3,1,0,0,0,0,0,0,1,7,8,0,0,1
http://rhhnq.top/amazon/signin/account@amazon.com/signin.php,60,3,0,0,6,0,1,0,0,0,0,1,0,6,44,0,0,1
https://www.wikipedia.org/user/profile/settings,47,2,0,0,5,0,0,1,0,1,0,0,1,17,22,1,0,0
http://is.gd/ybgp9nu,20,1,0,0,3,1,0,0,1,0,0,0,0,5,6,0,0,1
https://linkedin.com/contact,28,1,0,0,3,0,0,0,0,1,0,0,0,12,8,0,0,0
http://7a4km1o4m7bq7ojc7on60068-.info/suspend-paypal-suspend/confirm.php?id=1025,80,2,3,0,4,16,0,0,1,0,0,1,0,30,35,1,1,1
https://www.apple.com/about,27,2,3,0,3,0,0,1,0,1,0,0,0,13,6,0,0,0
https://www.rbi.org.in/account/dashboard,40,3,0,0,4,0,0,2,0,1,0,1,0,14,21,0,0,0
https://www.icicibank.com/user/profile/settings,47,2,0,0,5,0,0,1,0,1,0,0,0,17,22,0,0,0
https://hdfcbank.com/user/profile/settings,42,1,0,0,5,0,0,0,0,1,0,0,0,11,22,0,0,0
https://googlerzwvhwn.com/account/index.html,44,2,0,0,4,0,0,0,0,1,0,0,0,17,19,0,0,1
http://icicibank.update.0onsas.top/update,41,3,0,0,3,1,0,2,0,0,0,0,0,27,7,0,0,1
http://z7skwndxkn8ee1m2pfflhdjv2.info/login-netflix-login/confirm.php?id=5271,77,2,2,0,4,9,0,0,0,0,0,1,0,30,32,0,1,1
https://www.flipkart.com/search?q=result,38,3,0,0,3,0,0,1,1,1,0,0,1,16,7,0,1,0
https://www.wikipedia.org/help/faq,31,3,0,0,4,0,0,1,0,1,0,0,0,17,7,0,0,0
http://177.43.254.19/login/microsoft,36,0,0,0,4,10,0,2,1,0,0,1,0,13,16,0,0,1
http://xk1yehwdp-lhba6nf47bcpwei.top/suspend-google-suspend/confirm.php?id=5224,79,2,3,0,4,8,0,0,0,0,0,1,0,29,35,1,1,1
https://www.stackoverflow.com/contact,37,2,0,0,3,3,0,1,0,1,0,0,0,21,8,0,0,0
https://linkedin.com/search?q=result,38,1,0,0,3,0,0,0,0,1,0,0,0,12,6,0,1,0
http://bit.ly/xw1Ctgb,21,1,0,0,3,1,0,0,0,0,0,0,1,6,8,0,0,1
https://www.linkedin.com/account/dashboard,42,2,0,0,4,0,0,1,0,1,0,1,0,16,18,0,0,0
https://www.icicibank.com/help/faq,34,1,0,0,4,0,0,3,0,1,0,0,0,14,9,0,0,0
https://instagramqvjeuydx.net/account/index.html,48,2,0,0,4,0,0,0,0,1,0,1,0,21,19,0,0,1
https://hdfcbank.com/account/dashboard,38,1,2,0,4,0,0,1,0,1,0,1,0,12,18,0,0,0
http://bit.ly/vjmqohu,21,1,0,0,3,0,0,0,0,0,0,0,1,6,8,0,0,1
https://www.amazon.in/about,27,2,0,0,3,0,0,1,0,1,0,0,0,14,6,0,0,0
https://www.google.com/docs/api/reference,41,2,0,0,5,0,0,1,0,1,0,0,0,14,19,0,0,0
https://www.nptel.ac.in/contact,31,3,0,0,3,0,0,2,0,1,0,0,0,15,8,0,0,0
https://www.github.com/products,31,2,0,0,3,0,0,1,0,1,0,0,0,14,8,0,0,0
https://www.ugc.gov.in/,23,2,0,0,3,0,0,2,0,0,0,0,0,14,1,1,0,0
https://www.nseindia.com/help/faq,33,2,0,0,4,0,0,1,0,1,0,0,1,16,9,0,0,0
https://www.galgotiasuniversity.edu.in/news/today,49,3,0,0,4,0,0,2,0,1,0,1,0,30,13,0,0,0
http://ttdly.cf/icicibank/secure/account@icicibank.com/secure.php,65,3,0,0,6,0,1,0,0,0,0,1,0,8,50,0,0,1
https://instagramfttwkn.co/account/index.html,45,2,0,0,4,0,0,0,0,1,0,1,0,18,18,0,0,1
https://www.hdfcbank.com/contact,32,2,0,0,3,0,0,1,0,1,0,0,0,16,8,0,0,0
http://sbi.secure.opjdn8.tk/secure,34,3,0,0,3,1,0,2,0,0,0,0,0,20,7,1,0,1
http://microsoft-suspend-secure.ml/suspend/index.php,52,2,2,0,4,0,0,0,1,0,0,1,0,27,18,1,0,1
http://168.123.118.178/secure/paypal,36,3,0,0,4,12,0,2,1,0,0,1,0,17,14,1,0,1
https://www.rbi.org.in/,23,3,0,0,3,0,0,2,1,0,0,0,0,14,1,0,0,0
http://38.251.106.220/login/sbi,31,0,0,0,4,11,0,2,1,0,0,0,0,14,10,0,0,1
http://amazon-suspend-secure.ga/suspend/index.php,49,2,2,0,4,0,0,0,0,0,0,0,0,24,20,1,0,1
https://amazoniptzp.com/account/index.html,42,2,0,0,4,0,0,0,0,1,0,1,0,15,19,0,0,1
http://paypal.signin.uw8pdw.ga/signin,37,3,0,0,3,1,0,3,0,0,0,1,0,23,7,0,0,1
https://www.amazon.in/update/ipnf8f3gr9?ref=email&utm_id=9470,61,2,0,1,4,7,0,1,0,1,0,1,1,13,18,0,2,0
https://www.linkedin.com/confirm/5rrvsffcxh?ref=email&utm_id=4062,65,2,0,1,4,3,0,1,0,1,0,1,0,15,19,0,2,0
https://www.apple.com/blog/2024/article,39,0,0,0,5,4,0,1,0,1,0,0,0,13,18,0,0,0
http://194.140.165.52/signin/google,35,3,0,0,4,11,0,2,1,0,0,1,0,14,14,0,0,1
https://www.medium.com/products,31,2,0,0,3,0,0,1,0,1,0,0,0,14,12,0,0,0
http://y6tic5t9pone7jt2elkh1vil8.top/suspend-paypal-suspend/confirm.php?id=9446,82,2,4,0,4,11,0,0,0,0,0,1,0,29,35,0,1,1
https://www.apple.com/confirm/0d1b4xg?ref=email&utm_id=6857,59,2,3,1,4,7,0,1,1,1,0,1,0,13,16,0,2,0
https://www.rbi.org.in/products,30,3,0,0,3,0,0,2,0,1,0,0,0,14,9,1,0,0
https://www.stackoverflow.com/account/dashboard,47,2,0,0,4,2,0,1,0,1,0,1,0,21,18,0,0,0
https://www.microsoft.com/products,34,2,0,0,3,0,0,1,0,1,0,1,1,14,7,0,0,0
http://s4lxx8opidlayahiykxb6p2s-.info/login-icicibank-login/confirm.php?id=9784,79,2,3,0,4,8,0,0,0,0,0,1,0,30,34,1,1,1
https://www.flipkart.com/about,30,2,0,0,3,0,0,1,0,1,0,0,1,16,6,0,0,0
http://bzkft.ga/amazon/update/account@amazon.com/update.php,59,3,0,0,6,0,1,0,0,0,0,1,0,8,44,0,0,1
https://www.aicte-india.org/contact,35,2,1,0,3,0,0,1,0,1,0,0,0,20,9,1,0,0
http://otrf84sqwfy30wl-e-0r4s0n-.xyz/account-icicibank-account/confirm.php?id=6458,83,2,5,0,4,11,0,0,0,0,0,1,0,29,38,1,1,1
https://paypalxfgglnf.net/account/index.html,44,2,0,0,4,0,0,0,0,1,0,1,0,17,19,0,0,1
http://22.204.189.3/verify/hdfcbank,35,3,0,0,4,9,0,2,1,0,0,1,0,12,18,0,0,1
http://hdfcbank.verify.y4mljz.cf/verify,39,3,0,0,3,1,0,0,0,0,0,1,0,25,7,0,0,1
https://www.google.com/account/dashboard,40,2,0,0,4,0,0,1,0,1,0,0,0,14,18,1,0,0
http://tinyurl.com/f5br8br,26,1,0,0,3,1,0,0,1,1,0,0,1,11,8,0,0,1
https://www.irctc.co.in/blog/2024/article,41,3,0,0,5,7,0,2,0,1,0,0,0,16,18,0,0,0
https://microsoft.com/user/profile/settings,43,1,0,0,5,0,0,0,0,1,0,0,1,13,22,0,0,0
https://paypalkhmylfjg.com/account/index.html,45,2,0,0,4,0,0,2,0,0,0,1,0,18,19,0,0,1
http://5dw67pnyd80fe18t498j6ie3m.tk/login-netflix-login/confirm.php?id=7388,75,2,2,0,4,16,0,0,0,0,0,0,0,28,32,0,1,1
https://aicte-india.org/help/faq,32,1,0,0,4,0,0,0,0,1,0,0,0,15,9,1,0,0
https://amazon.in/blog/2024/article,35,1,0,0,5,4,0,0,0,1,0,0,1,9,18,0,0,0
https://www.apple.com/account/dashboard,39,2,0,0,4,0,0,1,0,1,0,1,0,13,20,0,0,0
https://amazonxnylhxx.com/account/index.html,44,2,0,0,4,0,0,0,0,1,0,1,0,17,19,0,0,1
https://www.github.com/about,28,2,0,0,3,0,0,1,0,1,0,0,0,14,6,0,0,0
http://sbi-signin-secure.top/signin/index.php,45,0,2,0,4,0,0,0,0,0,0,1,0,21,17,1,0,1
http://cutt.ly/ewF1zqa,22,1,0,0,3,1,0,0,0,0,0,0,1,10,8,0,0,1
http://styay.cf/hdfcbank/suspend/account@hdfcbank.com/suspend.php,65,3,0,0,6,0,1,0,0,0,0,1,0,8,50,0,0,1
http://8bna3i8p91td1p5886c6now42.info/secure-sbi-secure/confirm.php?id=7328,78,2,2,0,4,14,0,0,0,1,0,1,0,31,30,0,1,1
https://www.amazon.in/blog/2024/article,39,2,0,0,5,4,0,1,0,1,0,0,0,13,18,0,0,0
https://www.linkedin.com/news/today,35,2,0,0,4,0,0,0,1,1,0,0,1,16,11,0,0,0
http://amazon.account.ss8jlt.click/account,42,3,0,0,3,1,0,2,0,0,0,1,0,27,8,0,0,1
https://www.nseindia.com/contact,32,2,0,0,3,0,0,1,0,1,0,0,0,16,8,0,0,0
https://www.irctc.co.in/help/faq,32,3,0,0,4,0,0,2,0,1,0,0,0,15,9,0,0,0
http://ouxnk.click/microsoft/update/account@microsoft.com/update.php,68,3,0,0,6,0,1,0,0,0,0,1,0,13,50,0,0,1
http://lnlvt.tk/icicibank/login/account@icicibank.com/login.php,63,3,0,0,6,0,1,0,0,0,0,1,0,8,48,0,0,1
http://instagram-signin-secure.info/signin/index.php,52,2,2,0,4,0,0,0,0,0,0,0,0,28,17,1,0,1
http://jmtas.ga/instagram/account/account@instagram.com/account.php,67,3,0,0,6,0,1,0,0,0,0,1,0,10,55,0,0,1
https://www.medium.com/docs/api/reference,41,2,0,0,5,0,0,1,1,1,0,0,0,14,19,0,0,0
http://paypal.login.x56lec.top/login,39,3,0,0,3,2,0,2,0,0,0,1,0,23,6,0,0,1
https://github.com/search?q=result,34,1,0,0,3,0,0,0,0,1,0,0,0,10,7,0,1,0
http://tinyurl.com/rg7otad,26,1,0,0,3,1,0,0,0,0,0,0,1,11,5,0,0,1
https://flipkart.com/about,26,1,0,0,3,0,0,0,0,1,0,0,1,12,6,0,0,0
http://dnfps.top/google/confirm/account@google.com/confirm.php,62,3,0,0,6,2,1,0,0,0,0,1,0,12,46,0,0,1
https://www.galgotiasuniversity.edu.in/verify/h8uzb?ref=email&utm_id=9673,73,3,0,1,4,5,0,2,0,1,0,1,0,30,13,0,2,0
http://sbi.verify.p0tlz1.cf/verify,34,3,1,0,3,2,0,2,0,0,0,1,0,20,7,0,0,1
http://170.116.183.149/account/sbi,34,3,0,0,4,12,0,2,1,0,0,1,0,15,12,0,0,1
https://rbi.org.in/contact,25,2,0,0,3,0,0,1,0,1,0,0,0,10,8,0,0,0
https://www.amazon.in/contact,29,2,0,0,3,0,0,1,0,1,0,0,0,13,8,0,0,0
https://googlebnojehfp.net/account/index.html,45,2,0,0,4,0,0,0,0,1,0,1,1,18,19,0,0,1
https://www.github.com/blog/2024/article,40,2,0,0,5,4,0,1,0,1,0,1,0,14,18,0,0,0
https://www.ugc.gov.in/user/profile/settings,44,3,0,0,5,0,0,2,0,1,0,0,0,14,20,0,0,0
http://z07s-i9kcmn8dbfpmgp7zxk6k.info/account-sbi-account/confirm.php?id=9179,77,2,3,0,4,10,0,0,0,0,0,1,0,30,32,1,1,1
http://54.124.167.38/login/amazon,33,3,0,0,4,10,0,2,1,0,0,1,0,13,14,0,0,1
https://www.aicte-india.org/search?q=result,43,2,1,0,3,0,0,1,0,1,0,0,0,19,7,1,1,0
http://jyvya.tk/microsoft/account/account@microsoft.com/account.php,67,3,0,0,6,0,1,0,0,0,0,1,0,8,52,0,0,1
http://91.249.152.108/verify/netflix,36,3,0,0,4,14,0,2,1,0,0,1,0,14,15,0,0,1
http://chyfx.xyz/netflix/login/account@netflix.com/login.php,60,3,0,0,6,0,1,0,0,0,0,1,0,9,44,0,0,1
http://bit.ly/jE2f77w,21,1,0,0,3,3,0,0,0,0,0,0,1,6,8,0,0,1
https://www.hdfcbank.com/about,30,2,0,0,3,0,0,3,0,1,0,0,0,16,6,0,0,0
http://rhbqjricb6ntkl3g0augttnpp.tk/confirm-hdfcbank-confirm/confirm.php?id=5157,80,2,2,0,4,7,0,0,0,0,0,1,0,31,37,0,1,1
https://flipkart.com/search?q=result,36,1,0,0,3,0,0,0,0,1,0,0,1,12,7,1,1,0
https://netflixsbpvfmla.com/account/index.html,46,2,0,0,4,0,0,0,0,1,0,1,0,19,19,0,0,1
https://github.com/products,27,1,0,0,3,0,0,0,0,1,0,0,0,10,11,0,0,0
http://sbi.update.j8bfi8.info/update,36,3,0,0,3,2,0,2,0,0,0,1,0,22,8,0,0,1
http://cndup.click/microsoft/update/account@microsoft.com/update.php,68,3,0,0,6,0,1,0,0,0,0,1,0,11,50,0,0,1
https://www.stackoverflow.com/products,40,2,0,0,3,0,0,1,0,1,0,0,0,21,9,0,0,0
https://www.nptel.ac.in/search?q=result,39,5,0,0,3,0,0,2,1,1,0,0,0,18,7,0,1,0
http://google.confirm.do5n1t.top/confirm,40,3,0,0,3,2,0,2,0,0,0,1,0,25,8,0,0,1
http://mjgd3j4zc7xz9l6m6xl4bnegu.tk/signin-microsoft-signin/confirm.php?id=1020,79,5,2,0,4,11,0,0,0,0,0,1,0,28,37,0,1,1
https://www.amazon.in/help/faq,30,2,0,0,4,0,0,1,0,1,0,0,0,13,9,0,0,0
http://ph6ch4m27cs3uw43mcp186re0.cf/login-paypal-login/confirm.php?id=2704,76,2,2,0,4,15,0,0,0,0,0,1,0,28,33,0,1,1
http://google.confirm.q68jov.xyz/confirm,40,3,0,0,3,2,0,2,0,0,0,1,1,25,8,0,0,1
http://cutt.ly/jn0d42m,22,1,0,0,3,3,0,0,0,0,0,0,1,7,8,0,0,1
http://paypal-update-secure.click/update/index.php,50,2,2,0,4,0,0,0,0,0,0,1,0,26,19,1,0,1
https://www.stackoverflow.com/,29,2,0,0,3,0,0,1,0,1,0,0,0,21,1,0,0,0
http://qxqyo.cf/hdfcbank/account/account@hdfcbank.com/account.php,65,3,0,0,6,0,1,0,0,0,0,1,0,8,50,0,0,1
https://www.apple.com/search?q=result,37,2,0,0,3,0,0,1,0,1,0,0,0,13,7,0,1,0
http://tinyurl.com/E8Cymy8,26,1,0,0,3,2,0,0,0,0,0,0,1,11,8,0,0,1
https://www.aicte-india.org/user/profile/settings,49,2,1,0,5,3,0,1,0,1,0,0,0,16,22,1,0,0
https://www.github.com/news/today,36,2,0,0,4,0,0,1,0,1,0,0,1,14,14,0,0,0
http://uemcj.cf/google/signin/account@google.com/signin.php,59,3,0,0,6,0,1,0,0,0,0,1,1,8,44,0,0,1
https://www.google.com/secure/ktyr1k?ref=email&utm_id=8052,58,2,0,1,4,8,0,1,0,1,0,1,0,14,14,0,2,0
http://netflix-verify-secure.cf/verify/index.php,48,2,2,0,4,0,0,0,0,0,0,1,0,24,17,1,0,1
http://microsoft.confirm.du7jpm.xyz/confirm,43,5,0,0,3,4,0,2,0,0,0,1,1,28,8,0,0,1
https://sbibjivzwret.net/account/index.html,43,2,0,0,4,0,0,0,0,0,0,1,0,16,19,0,0,1
https://www.stackoverflow.com/news/today,40,2,0,0,4,0,0,1,0,1,0,1,0,21,11,0,0,0
https://www.amazon.in/blog/2024/article,39,0,0,0,5,4,0,1,0,1,0,0,0,13,18,0,0,0
http://98.1.145.15/login/amazon,31,5,0,0,4,8,0,5,1,0,0,1,0,11,13,0,0,1
https://irctc.co.in/user/profile/settings,41,2,0,0,5,0,0,1,0,1,0,0,0,11,22,0,0,0
http://microsoft-account-secure.cf/account/index.php,52,1,2,0,4,0,0,0,0,0,0,1,1,27,18,1,0,1
http://tinyurl.com/jscscep,26,1,0,0,3,0,0,0,0,0,0,0,1,11,8,0,0,1
https://www.linkedin.com/search?q=result,40,2,0,0,3,0,0,1,0,1,0,0,0,16,7,0,1,0
http://google.suspend.6dqa4s.top/suspend,40,3,0,0,3,4,0,2,0,0,0,1,0,25,8,0,0,1
http://111.180.246.44/account/icicibank,39,3,0,0,4,11,0,5,1,0,0,1,0,14,18,0,0,1
https://www.amazon.in/account/xns2zybno?ref=email&utm_id=6122,61,2,0,1,4,3,0,1,0,0,0,1,0,13,18,0,2,0
http://microsoft-confirm-secure.xyz/confirm/index.php,55,2,2,0,4,0,0,0,0,0,0,1,0,28,18,1,0,1
https://paypalgatbnaj.co/account/index.html,43,2,0,0,4,0,0,0,0,1,0,1,0,16,19,0,0,1
http://google.confirm.dkoybe.xyz/confirm,40,3,0,0,3,0,0,2,0,0,0,1,0,25,11,0,0,1
http://doifu.ml/sbi/confirm/account@sbi.com/confirm.php,55,3,0,0,6,0,1,0,1,0,0,1,0,8,40,1,0,1
http://-qa07gp-yart4ugdcfyb3xd88.xyz/update-instagram-update/confirm.php?id=2371,82,2,4,0,4,10,0,0,0,0,0,1,0,29,36,1,1,1
http://140.52.86.51/login/google,32,3,0,0,4,9,0,2,1,0,0,1,0,12,13,0,0,1
https://www.rbi.org.in/products,29,3,0,0,3,0,0,3,0,1,0,0,0,14,9,0,0,0
https://www.hdfcbank.com/blog/2024/article,42,2,0,0,5,4,0,1,0,1,0,0,0,16,18,0,0,0
http://is.gd/eddF7Ge,20,1,0,0,3,1,0,0,0,0,0,1,1,5,8,0,0,1
https://www.stackoverflow.com/news/today,40,1,0,0,4,0,0,1,1,1,0,0,0,21,11,0,0,0
http://dxwuy.top/sbi/login/account@sbi.com/login.php,52,3,0,0,6,0,1,0,0,0,0,1,0,9,38,1,0,1
https://www.hdfcbank.com/blog/2024/article,42,3,0,0,5,4,0,1,0,1,0,0,0,16,18,0,0,0
http://53.106.29.226/update/netflix,35,3,0,0,4,10,0,2,1,0,0,1,0,13,15,0,0,1
https://icicibank.com/products,30,1,0,0,3,0,0,0,0,0,0,0,0,13,9,0,0,0
https://www.nseindia.com/account/dashboard,42,2,0,0,4,0,0,1,0,1,0,1,0,16,18,0,0,0
https://www.nseindia.com/,25,2,0,0,3,0,0,1,1,1,0,0,0,16,1,0,0,0
http://sbi-signin-secure.click/signin/index.php,47,2,2,0,4,0,0,0,0,0,0,1,0,23,17,1,0,1
http://118.21.225.186/confirm/amazon,36,3,0,0,4,11,0,4,1,0,0,1,0,14,15,0,0,1
https://www.stackoverflow.com/user/profile/settings,50,5,0,0,5,0,0,1,0,1,0,0,0,22,22,0,0,0
https://nptel.ac.in/help/faq,28,3,0,0,4,0,0,0,0,1,0,0,1,11,9,0,0,0
https://www.ugc.gov.in/account/dashboard,40,3,0,0,4,0,0,2,0,1,0,1,0,11,18,0,0,0
http://microsoft-secure-secure.ml/secure/index.php,52,2,0,0,4,0,0,2,0,0,0,1,0,26,17,1,0,1
https://www.aicte-india.org/login/3idy3c7rm?ref=email&utm_id=5408,65,2,0,1,4,7,0,1,0,1,0,1,1,22,16,1,2,0
http://2pefa31sxrobfzw2jottchhi8.info/secure-netflix-secure/confirm.php?id=6147,79,2,2,0,4,9,0,0,0,0,0,1,0,30,34,0,1,1
https://nseindia.com/blog/2024/article,38,1,0,0,5,4,0,0,0,1,0,0,0,12,18,0,0,0
https://nptel.ac.in/about,25,2,2,0,3,0,0,1,0,1,0,0,0,11,6,0,0,0
https://nptel.ac.in/search?q=result,35,2,0,0,3,0,0,1,0,1,0,0,0,8,7,0,1,0
https://hdfcbank.com/help/faq,29,1,0,0,4,3,0,0,0,1,0,0,0,12,9,0,0,0
http://instagram-secure-secure.info/secure/index.php,52,2,2,0,4,0,0,0,0,0,0,1,0,25,17,1,0,1
http://amazon.login.752a97.ga/login,35,3,0,0,3,3,0,2,0,0,0,1,0,22,6,0,0,1
https://www.github.com/account/dashboard,40,2,0,0,4,0,0,1,0,1,0,1,0,14,18,0,0,0
https://wikipedia.org/user/profile/settings,43,0,0,0,5,0,0,0,0,1,0,0,0,13,22,0,0,0
https://www.ugc.gov.in/secure/bmen?ref=email&utm_id=5093,56,3,0,1,4,4,0,2,0,1,0,1,0,14,12,0,2,0
https://www.github.com/contact,30,2,0,0,3,0,0,1,0,1,0,0,0,14,8,0,0,0
http://amazon.secure.5xixgs.top/secure,36,3,0,0,3,1,0,2,0,0,0,1,0,24,7,0,0,1
http://101.79.23.84/account/google,34,3,3,0,4,9,0,0,1,0,0,1,0,15,15,0,0,1
https://www.microsoft.com/search?q=result,41,2,0,0,3,0,0,2,0,1,0,0,1,17,7,0,1,0
https://hdfcbankukdonv.com/account/index.html,45,2,0,0,4,0,0,0,0,1,0,1,0,18,19,0,0,1
http://4uz5evs0ztu9f7xfx083xhcf6.xyz/confirm-hdfcbank-confirm/confirm.php?id=9516,81,2,2,0,4,13,0,0,0,0,0,1,0,29,37,0,1,1
https://www.apple.com/help/faq,30,2,0,0,4,0,0,1,0,1,0,0,0,13,9,0,0,0
https://icicibankdracr.com/account/index.html,45,2,0,0,4,0,0,0,0,1,0,1,0,18,19,0,0,1
https://www.flipkart.com/about,30,0,0,0,3,0,0,0,0,1,0,0,1,16,6,0,0,0
https://paypalkdamjqa.co/account/index.html,43,2,0,0,4,0,0,0,0,1,0,1,0,16,19,0,0,1
https://google.com/help/faq,24,1,0,0,4,2,0,2,0,1,0,0,0,10,9,0,0,0
https://www.icicibank.com/docs/api/reference,44,2,0,0,5,0,0,0,0,1,0,0,0,17,19,0,0,0
https://galgotiasuniversity.edu.in/about,38,2,0,0,3,0,0,1,0,1,0,0,0,26,6,0,0,0
http://bit.ly/xw0u2fi,21,1,0,0,3,2,0,3,0,0,0,0,1,6,8,0,0,1
https://www.google.com/contact,30,2,0,0,3,0,0,1,0,1,0,0,0,14,8,0,0,0
https://www.ugc.gov.in/login/0h54?ref=email&utm_id=8259,55,3,0,1,4,7,0,2,0,1,0,1,0,14,11,1,2,0
https://irctc.co.in/docs/api/reference,38,2,0,0,5,0,0,1,0,1,0,0,0,11,19,0,0,0
https://www.github.com/signin/8wwiif86?ref=email&utm_id=6395,60,2,0,1,4,7,0,1,0,0,0,1,0,14,16,0,2,0
https://hdfcbankvymokiwfu.net/account/index.html,48,2,0,0,4,0,0,0,1,1,0,1,0,21,19,0,0,1
https://www.microsoft.com/contact,33,2,0,0,3,0,0,0,0,1,0,0,1,17,11,0,0,0
http://sdbou.ga/paypal/secure/account@paypal.com/secure.php,59,3,0,0,6,0,1,0,0,0,0,1,0,8,44,0,0,1
https://instagramkjqrr.net/account/index.html,45,2,0,0,4,0,0,0,0,1,0,1,0,18,19,0,0,1
http://amazon.login.0uy9f8.cf/login,35,3,0,0,3,0,0,0,0,0,0,1,0,22,6,0,0,1
https://www.github.com/search?q=result,38,2,0,0,3,3,0,1,0,1,0,0,0,14,7,0,1,0
https://icicibankmmfyks.co/account/index.html,45,2,0,0,4,0,0,0,0,1,0,1,0,18,19,0,0,1
https://www.galgotiasuniversity.edu.in/docs/api/reference,57,3,0,0,5,0,0,2,0,1,0,0,0,30,19,0,0,0
https://www.rbi.org.in/search?q=result,38,2,0,0,3,0,0,2,0,1,0,0,0,14,7,0,1,0
http://swscyo0poamlquh61pqg070p4.ml/signin-hdfcbank-signin/confirm.php?id=2410,78,2,2,0,4,11,0,2,0,0,0,1,0,27,35,0,1,1
https://www.ugc.gov.in/help/faq,31,3,0,0,4,0,0,2,0,1,0,0,0,14,9,0,0,0
http://kh1etifukcaldp3ca5bd7n020.top/update-instagram-update/confirm.php?id=7359,80,2,2,0,4,11,0,0,0,0,0,1,0,29,36,0,1,1
https://www.galgotiasuniversity.edu.in/news/today,49,3,0,0,4,0,0,2,0,1,0,0,0,30,11,0,0,0
https://www.microsoft.com/products,34,2,0,0,3,0,0,1,0,1,0,0,1,17,12,0,0,0
http://bjmmy.top/amazon/account/account@amazon.com/account.php,62,3,0,0,6,0,1,1,0,0,0,1,0,9,49,0,0,1
https://www.linkedin.com/products,33,2,0,0,3,0,0,1,0,1,0,0,0,16,9,0,0,0
https://www.flipkart.com/signin/f77lu8el50?ref=email&utm_id=6221,64,2,0,1,4,9,0,1,0,1,0,1,1,16,19,0,2,0
https://microsofteqhqv.com/account/index.html,45,2,0,0,4,0,0,0,0,1,0,1,0,18,19,0,0,1
https://www.icicibank.com/docs/api/reference,44,2,0,0,5,3,0,1,0,1,0,0,0,17,19,0,0,0
http://netflix-account-secure.top/account/index.php,51,2,2,0,4,0,0,0,0,0,0,1,0,26,18,1,0,1
http://37.88.47.55/login/microsoft,34,3,0,0,4,8,0,2,1,0,0,1,1,11,16,0,0,1
https://www.nseindia.com/account/dashboard,42,2,0,0,4,0,0,1,0,1,0,1,1,16,18,0,0,0
http://paypal.update.3k337o.tk/update,37,3,0,0,3,3,0,2,0,0,0,1,0,23,7,0,0,1
http://cutt.ly/x8e8iC1,22,1,0,0,3,2,0,0,0,0,0,0,1,7,10,0,0,1
http://126.32.40.102/login/hdfcbank,35,0,0,0,4,10,0,2,1,0,0,1,0,13,17,0,0,1
http://59.189.180.137/login/icicibank,37,3,0,0,4,11,0,2,1,0,0,1,0,11,16,0,0,1
http://245.17.113.47/confirm/sbi,32,2,0,0,4,10,0,2,1,0,0,1,0,13,12,0,0,1
https://medium.com/account/dashboard,36,1,0,0,4,0,0,2,0,1,0,1,0,9,18,0,0,0
http://microsoft.verify.ftq9y6.info/verify,42,3,0,0,3,2,0,0,0,0,0,1,0,28,10,0,0,1
https://www.rbi.org.in/update/q8cx?ref=email&utm_id=6901,56,3,0,1,4,5,0,2,0,1,0,1,0,11,12,0,2,0
https://hdfcbank.com/,21,1,0,0,3,0,0,0,0,1,0,0,0,12,1,0,0,0
https://www.rbi.org.in/docs/api/reference,41,3,0,0,5,0,0,2,0,1,0,0,0,14,19,0,0,0
https://www.amazon.in/contact,29,2,0,0,3,0,0,1,1,1,0,0,0,13,8,0,0,0
http://u1l-986urjjb849tzjed49dd6.tk/signin-paypal-signin/confirm.php?id=6215,76,2,4,0,4,14,0,0,1,0,0,1,0,28,33,1,1,1
https://www.rbi.org.in/docs/api/reference,43,3,0,0,5,0,0,2,0,1,0,0,0,16,19,0,0,0
https://www.rbi.org.in/search?q=result,38,3,0,0,3,0,0,2,0,1,0,0,0,14,7,0,1,0
https://medium.com/about,23,0,0,0,3,0,0,0,0,1,0,1,0,10,6,0,0,0
http://dxald.info/sbi/verify/account@sbi.com/verify.php,55,3,0,0,6,0,1,0,0,0,0,1,0,10,38,0,0,1
http://mfgbi.info/google/verify/account@google.com/verify.php,61,3,0,0,6,0,1,0,0,0,0,1,0,10,44,0,0,1
https://www.github.com/search?q=result,38,2,0,0,3,0,0,1,0,1,0,0,0,14,7,0,1,0
https://www.stackoverflow.com/blog/2024/article,47,2,0,0,5,4,0,1,0,1,0,0,0,21,18,0,0,0
https://www.stackoverflow.com/user/profile/settings,51,2,0,0,5,3,0,0,0,1,0,0,0,21,22,0,0,0
http://bit.ly/Geoxcnn,21,1,2,0,3,0,0,0,1,0,0,0,1,6,8,0,0,1
http://ihzv0gmffphl-5w7wuvmo8pql.info/secure-google-secure/confirm.php?id=6413,78,2,3,0,4,8,0,0,0,0,0,1,0,30,33,1,1,1
http://cutt.ly/x3ysv32,22,1,0,0,3,3,0,0,0,0,0,0,1,7,8,0,0,1
http://-e8g2921m0xncopjr8n0byfw8.tk/signin-hdfcbank-signin/confirm.php?id=3414,78,2,3,0,4,13,0,0,0,0,0,1,0,28,35,1,1,1
http://paypal-secure-secure.xyz/secure/index.php,48,2,2,0,4,0,0,0,0,0,0,1,0,24,17,1,0,1
https://www.linkedin.com/news/today,35,2,1,0,4,0,0,1,0,0,0,0,0,15,11,0,0,0
https://www.hdfcbank.com/help/faq,33,2,0,0,4,0,0,1,0,0,0,0,0,16,9,0,0,0
https://www.microsoft.com/contact,33,2,0,0,3,0,0,1,0,1,0,0,1,17,8,0,0,0
https://www.hdfcbank.com/confirm/wr0r3?ref=email&utm_id=4812,60,2,0,1,4,6,0,1,0,1,0,1,0,14,16,0,2,0
http://4ijv31fi0n7dgg5gs0xaggowc.ml/update-microsoft-update/confirm.php?id=2180,79,2,2,0,4,13,0,0,0,0,0,1,0,28,36,1,1,1
http://cutt.ly/G3oagoa,20,1,0,0,3,1,0,0,0,0,0,0,1,7,8,0,0,1
https://www.hdfcbank.com/user/profile/settings,46,2,0,0,5,0,0,1,0,1,0,1,0,16,22,0,0,0
https://netflixoxmqamlb.com/account/index.html,45,2,0,0,4,0,0,0,0,1,0,1,0,19,19,0,0,1
http://microsoft-signin-secure.ga/signin/index.php,50,3,2,0,4,0,0,0,0,0,0,1,0,26,17,1,0,1
https://www.flipkart.com/blog/2024/article,42,0,0,0,5,4,0,0,0,1,0,0,1,16,18,0,0,0
http://netflix-suspend-secure.info/suspend/index.php,52,1,2,0,4,0,0,0,0,0,0,1,0,27,18,1,0,1
http://nfuld.cf/amazon/verify/account@amazon.com/verify.php,59,3,0,0,6,0,1,0,0,0,0,1,0,8,46,0,0,1
https://hdfcbank.com/user/profile/settings,42,1,0,0,5,0,0,0,0,1,0,0,0,12,22,0,0,0
https://www.linkedin.com/verify/n5gjj8?ref=email&utm_id=6621,60,2,0,1,4,6,0,1,0,1,0,1,0,19,15,0,2,0
http://beku2mnj8ovhn4kxxetvjo66h.tk/suspend-google-suspend/confirm.php?id=2689,78,2,0,0,4,9,0,0,0,0,0,1,0,29,35,0,1,1
http://hdfcbank-secure-secure.click/secure/index.php,53,2,2,0,4,1,0,0,0,0,0,1,1,28,15,0,0,1
https://www.apple.com/contact,29,2,0,0,3,0,0,1,0,1,0,0,0,13,8,0,0,0
https://apple.com/help/faq,26,1,0,0,4,0,0,0,0,1,0,0,1,9,9,0,0,0
https://www.nptel.ac.in/,24,3,0,0,3,0,0,2,0,1,0,0,0,15,1,0,0,0
https://www.flipkart.com/news/today,35,2,0,0,4,0,0,1,0,1,0,0,1,16,14,0,0,0
http://netflix-update-secure.tk/update/index.php,48,1,2,0,4,0,0,0,0,0,0,1,0,24,17,1,0,1
http://amazon.confirm.u8m87m.tk/confirm,39,3,0,0,3,2,0,2,0,0,0,1,0,24,8,0,0,1
https://www.wikipedia.org/confirm/8au9dkbp?ref=email&utm_id=7459,64,2,2,1,4,9,0,0,0,0,0,1,0,17,20,0,2,0
https://www.google.com/news/today,30,2,0,0,4,0,0,1,0,1,0,0,0,14,11,0,0,0
https://microsoftgrxbmmb.com/account/index.html,47,2,0,0,4,0,0,0,0,0,0,1,0,18,19,0,0,1
http://is.gd/uEcp8lk,23,1,0,0,3,1,0,0,0,0,0,0,1,5,8,0,0,1
https://www.rbi.org.in/news/today,33,3,0,0,4,2,0,2,0,1,0,1,0,14,11,0,0,0
http://p9qhf5rggum03adt84gz0ifpo.cf/account-microsoft-account/confirm.php?id=9884,81,2,2,0,4,10,0,0,0,0,0,1,0,27,38,0,1,1
https://www.ugc.gov.in/user/profile/settings,44,3,0,0,5,0,0,2,0,1,0,0,0,15,21,0,0,0
http://tinyurl.com/dF9lue3,26,1,0,0,3,2,0,0,1,0,0,0,1,13,8,0,0,1
https://www.flipkart.com/about,30,2,0,0,3,0,0,1,0,1,0,0,1,16,8,0,0,0
https://icicibankrjkjiex.net/account/index.html,47,2,0,0,4,0,0,0,0,1,0,1,0,22,19,0,0,1
https://www.ugc.gov.in/,23,3,0,0,3,0,0,2,0,1,0,0,1,14,1,0,0,0
http://is.gd/0aDyao7,20,1,0,0,3,2,0,0,0,0,0,0,1,5,7,0,0,1
http://google-verify-secure.tk/verify/index.php,47,2,2,0,4,0,0,0,0,0,0,1,0,23,17,0,0,1
http://instagram-login-secure.ga/login/index.php,48,2,2,0,4,0,0,0,0,0,0,1,0,25,16,1,0,1
https://www.hdfcbank.com/login/jn9978imo?ref=email&utm_id=3248,61,2,0,1,4,8,0,1,0,1,0,1,0,16,16,0,2,0
https://www.medium.com/news/today,33,2,0,0,4,0,0,4,0,1,0,0,0,14,11,0,0,0
https://www.rbi.org.in/news/today,33,3,0,0,4,1,0,2,0,1,0,0,0,12,11,0,0,0
https://hdfcbankbtexfxgh.net/account/index.html,47,2,0,0,4,0,0,0,0,1,0,1,0,20,19,0,0,1
https://www.amazon.in/,22,2,0,0,3,0,0,1,1,0,0,0,0,13,1,0,0,0
https://www.nptel.ac.in/contact,31,3,0,0,3,0,0,2,0,1,0,0,0,15,8,0,0,0
https://www.wikipedia.org/news/today,36,2,0,0,4,0,0,1,0,1,0,1,0,19,14,0,0,0
https://www.ugc.gov.in/,21,3,0,0,3,0,0,2,0,1,0,0,0,14,1,0,0,0
https://www.ugc.gov.in/,23,3,0,0,3,0,0,2,0,1,0,0,0,14,2,0,0,0
https://www.nptel.ac.in/docs/api/reference,43,3,0,0,5,0,0,2,0,1,0,0,0,15,19,0,0,0
http://202.22.92.202/update/netflix,35,3,0,0,4,10,0,3,1,0,0,1,0,13,15,0,0,1
http://tinyurl.com/63Gc88y,26,1,0,0,3,4,0,3,0,0,0,0,1,11,8,0,0,1
https://instagramyhonur.com/account/index.html,46,2,0,0,4,0,0,0,0,1,0,0,0,19,19,0,0,1
http://71.196.242.24/signin/netflix,35,3,3,0,4,10,0,2,0,0,0,1,0,13,15,0,0,1
https://netflixbsuzihuoq.com/account/index.html,47,2,0,0,4,0,0,0,0,1,0,1,1,20,19,0,0,1
http://amazon.verify.bec41r.top/verify,38,3,0,0,3,3,0,2,0,0,0,1,0,24,7,0,0,1
http://9ont4zqs5szbhqgil0svwbo7e.tk/login-paypal-login/confirm.php?id=5758,74,2,2,0,4,9,0,0,1,0,0,1,0,25,28,0,1,1
https://www.stackoverflow.com/products,38,0,0,0,3,0,0,3,0,1,0,0,0,21,9,0,0,0
https://www.flipkart.com/user/profile/settings,46,2,0,0,5,0,0,1,0,1,0,0,1,16,22,0,0,0
http://icicibank.account.l4c0bb.ml/account,42,5,0,0,3,1,0,2,1,0,0,1,0,27,8,0,0,1
https://www.nptel.ac.in/contact,29,3,0,0,3,0,0,2,0,1,0,0,0,15,9,0,0,0
http://google.login.glsxku.xyz/login,37,0,0,0,3,0,0,5,0,0,0,1,1,23,6,1,0,1
https://linkedin.com/docs/api/reference,39,4,0,0,5,0,0,0,0,1,0,0,1,12,18,0,0,0
http://147.14.169.254/secure/netflix,36,3,1,0,4,11,0,2,1,0,0,1,0,14,15,0,0,1
http://bit.ly/B3lmgDk,19,1,0,0,3,1,0,0,0,0,0,0,0,5,8,0,0,1
http://jxjar.ga/paypal/login/account@paypal.com/login.php,57,3,0,0,6,0,1,0,0,0,0,1,0,8,42,0,0,1
http://tinyurl.com/nx8Cev2,26,3,0,0,3,3,0,0,0,0,0,0,1,11,8,0,0,1
https://www.hdfcbank.com/signin/1esp7?ref=email&utm_id=1533,58,2,0,1,4,6,0,4,0,1,0,1,0,16,13,0,2,0
https://www.stackoverflow.com/account/dashboard,47,2,0,0,4,0,0,1,0,1,0,1,0,21,18,0,0,0
https://www.linkedin.com/signin/16ux?ref=email&utm_id=3459,58,2,0,1,4,6,0,1,0,1,0,1,0,16,12,0,2,0
http://bit.ly/9yEeuDg,21,1,0,0,3,1,0,0,0,0,0,0,1,6,8,0,0,1
http://106.137.190.19/suspend/amazon,36,3,0,0,4,13,0,2,1,0,0,1,0,14,15,0,0,1
https://icicibankqvlag.co/account/index.html,44,2,0,0,4,0,0,0,0,1,0,0,0,17,18,0,0,1
http://sbi.signin.bl7vju.info/signin,36,3,0,0,3,1,0,2,0,0,0,1,0,22,7,0,0,1
https://linkedin.com/help/faq,29,2,0,0,4,0,0,2,0,1,0,0,0,12,10,0,0,0
https://www.wikipedia.org/about,31,2,0,0,3,0,0,1,0,1,0,0,0,17,6,0,0,0
https://www.rbi.org.in/docs/api/reference,41,3,3,0,5,0,0,2,0,1,0,0,0,14,17,0,0,0
https://www.hdfcbank.com/help/faq,33,2,0,0,4,0,0,1,0,1,0,0,0,19,9,0,0,0
http://114.239.202.230/confirm/icicibank,40,5,0,0,4,12,0,2,1,0,0,1,1,15,18,0,0,1
https://www.aicte-india.org/help/faq,36,4,1,0,4,0,0,1,0,1,0,0,0,21,11,1,0,0
http://ijmia6zkfcs7c1py7q-yl27zw.ga/signin-sbi-signin/confirm.php?id=2079,73,2,3,0,4,10,0,3,0,0,0,0,0,28,30,1,1,1
https://googleqzfecwt.com/account/index.html,44,2,0,0,4,0,0,3,0,1,0,1,1,14,19,0,0,1
http://icicibank.suspend.70ut10.ml/suspend,42,3,0,0,3,4,0,2,0,0,0,1,1,27,8,0,0,1
https://www.linkedin.com/search?q=result,40,2,0,0,3,0,0,1,0,1,0,0,0,16,7,0,1,0
https://www.google.com/account/dashboard,40,0,0,0,4,0,0,0,0,1,0,1,0,14,18,0,0,0
https://www.rbi.org.in/contact,30,3,0,0,3,0,0,2,0,0,0,0,0,14,8,0,0,0
http://d0ofjgwrscb0-60n7duzn4bqs.ga/secure-instagram-secure/confirm.php?id=1047,79,2,3,0,4,10,0,0,0,0,0,1,0,28,36,0,1,1
https://irctc.co.in/news/today,30,2,0,0,4,0,0,0,0,1,0,0,0,11,11,0,0,0
https://www.medium.com/blog/2024/article,43,4,0,0,5,4,0,1,0,1,0,0,0,16,18,0,0,0
https://www.ugc.gov.in/confirm/lfzkicwm?ref=email&utm_id=8268,61,3,0,1,4,4,0,2,0,1,0,1,0,14,17,0,2,0
http://icicibank.login.fe54uk.click/login,41,3,0,0,3,0,0,2,1,0,0,1,0,28,6,0,0,1
https://www.stackoverflow.com/confirm/ygy0z4ev?ref=email&utm_id=6330,68,2,0,1,4,6,0,1,1,1,0,1,0,21,17,0,2,0
https://www.apple.com/news/today,32,2,2,0,4,0,0,1,0,1,0,0,0,13,11,0,0,0
http://entgq.click/paypal/update/account@paypal.com/update.php,64,3,0,0,6,0,1,0,0,0,0,1,0,11,43,0,0,1
http://qu7l3ink5fk9wftgg073fe-vq.click/suspend-google-suspend/confirm.php?id=7056,81,2,3,0,4,11,0,0,0,0,0,1,0,31,35,1,1,1
https://www.rbi.org.in/secure/m0j36tcf?ref=email&utm_id=5844,60,3,0,1,4,7,0,2,0,1,0,1,0,14,16,0,2,0
http://1e8560k5a9zwz6apyy5l5pets.top/verify-icicibank-verify/confirm.php?id=9474,80,2,2,0,4,14,0,0,0,0,0,1,0,29,36,0,1,1
https://www.github.com/,23,2,0,0,3,0,0,1,0,1,0,0,0,14,1,0,0,0
http://sbi-update-secure.tk/update/index.php,44,2,2,0,4,0,0,0,0,0,0,1,0,17,17,1,0,1
http://218.201.72.65/verify/icicibank,37,3,0,0,4,10,0,2,1,0,0,1,0,11,17,0,0,1
https://netflixkhmyyitjm.com/account/index.html,47,2,0,0,4,0,0,0,0,1,0,0,0,20,19,0,0,1
https://irctc.co.in/blog/2024/article,37,2,0,0,5,4,0,4,0,1,0,0,0,11,18,0,0,0
http://2.126.214.211/account/paypal,35,1,0,0,4,10,0,2,1,0,0,1,0,13,15,0,0,1
https://www.wikipedia.org/about,31,2,0,0,3,0,0,0,0,1,0,0,0,16,6,0,0,0
http://7ffz4iw7wgk5z42inepdmbo7u.ml/confirm-google-confirm/confirm.php?id=8522,76,0,3,0,4,11,0,0,0,0,0,1,0,29,35,0,1,1
https://medium.com/blog/2024/article,36,1,0,0,5,4,0,0,0,1,0,0,0,10,18,0,0,0
https://github.com/products,27,1,0,0,3,0,0,0,0,1,0,0,0,10,9,0,0,0
http://paypal-account-secure.click/account/index.php,52,2,2,0,4,0,0,0,0,0,0,1,0,27,18,1,0,1
http://kilev.click/microsoft/signin/account@microsoft.com/signin.php,68,3,0,0,6,1,1,0,0,0,0,1,0,9,50,0,0,1
https://www.github.com/docs/api/reference,41,2,0,0,5,0,0,1,0,1,0,0,0,14,19,0,0,0
http://93v-wt3zbvh8kzgsbogkah2yk.info/verify-sbi-verify/confirm.php?id=8576,75,2,6,0,4,6,0,2,0,0,0,1,0,27,32,1,1,1
https://www.wikipedia.org/news/today,36,2,0,0,4,0,0,1,0,0,0,0,0,17,11,0,0,0
https://www.medium.com/news/today,33,2,0,0,4,0,0,1,0,1,0,0,0,14,11,0,0,0
https://flipkart.com/account/dashboard,38,1,3,0,4,0,0,0,0,1,0,1,1,12,18,0,0,0
https://www.stackoverflow.com/about,35,2,0,0,3,0,0,0,0,0,0,0,0,21,6,0,0,0
http://is.gd/6AA7fkv,20,1,0,0,3,2,0,0,1,0,0,0,1,5,8,0,0,1
https://microsoft.com/help/faq,30,1,0,0,4,3,0,0,0,1,0,0,0,13,9,0,0,0
http://196.96.156.162/suspend/hdfcbank,38,3,0,0,4,11,0,2,0,0,0,1,0,14,17,0,0,1
https://www.apple.com/search?q=result,37,2,0,0,3,0,0,1,0,1,0,0,0,13,10,0,1,0
https://www.hdfcbank.com/products,33,2,0,0,3,0,0,1,0,1,0,0,0,16,9,0,0,0
https://www.icicibank.com/help/faq,34,2,0,0,4,0,0,1,0,1,0,0,0,14,9,0,0,0
https://ugc.gov.in/news/today,29,2,0,0,4,0,0,1,0,1,0,0,0,10,11,0,0,0
https://www.nseindia.com/docs/api/reference,43,2,0,0,5,0,0,1,0,1,0,0,0,16,18,0,0,0
http://11.31.159.185/secure/icicibank,37,3,0,0,4,10,0,2,1,0,0,1,0,16,20,0,0,1
http://hvjcf.top/paypal/login/account@paypal.com/login.php,58,2,0,0,6,0,1,0,0,0,0,1,1,9,42,0,0,1
http://tinyurl.com/FpGm9DB,26,1,0,0,3,1,0,0,0,0,0,0,1,11,8,0,0,1
https://www.linkedin.com/help/faq,33,2,0,0,4,0,0,1,0,1,0,1,0,16,9,0,0,0
https://www.medium.com/contact,30,2,0,0,3,0,0,1,1,1,0,0,0,14,8,0,0,0
https://www.hdfcbank.com/signin/8qeoz0?ref=email&utm_id=5897,60,2,0,1,4,9,0,1,0,1,0,1,0,16,14,0,2,0
http://94.218.65.50/secure/microsoft,33,3,0,0,4,9,0,4,1,0,0,1,0,15,17,1,0,1
http://amazon.update.qcyypq.info/update,41,3,0,0,3,0,0,2,0,0,0,1,0,25,7,0,0,1
https://www.icicibank.com/update/kuuhclrr6z?ref=email&utm_id=2562,63,2,0,1,4,5,0,1,0,1,0,0,0,17,18,0,2,0
https://www.ugc.gov.in/contact,27,3,0,0,3,0,0,2,0,1,0,0,0,14,8,0,0,0
https://googlepcvwor.net/account/index.html,44,2,0,0,4,0,0,0,0,1,0,1,0,16,19,0,0,1
https://www.nseindia.com/news/today,35,2,0,0,4,0,0,1,0,1,0,0,0,16,11,0,0,0
http://netflix-update-secure.top/update/index.php,49,0,2,0,4,0,0,0,0,0,0,1,0,25,17,1,0,1
https://www.irctc.co.in/search?q=result,39,3,0,0,3,0,0,2,0,1,0,0,0,15,5,0,1,0
http://feims.tk/paypal/update/account@paypal.com/update.php,60,3,0,0,6,0,1,0,0,0,0,1,0,8,44,0,0,1
https://www.hdfcbank.com/login/9w4uov?ref=email&utm_id=6050,57,2,0,1,4,6,0,1,0,1,0,0,0,16,11,0,2,0
https://amazon.in/user/profile/settings,39,1,0,0,5,0,0,0,0,1,0,0,0,9,22,0,0,0
http://7j48tqg1s9u8xqgcgrgre7sq-.ga/signin-google-signin/confirm.php?id=8949,76,2,3,0,4,11,0,0,0,0,0,1,0,28,33,1,1,1
https://www.amazon.in/search?q=result,36,2,0,0,3,0,0,1,0,1,0,0,0,13,7,0,1,0
http://a3ygvgdofmaol9uis0q9f9c9c.cf/signin-icicibank-signin/confirm.php?id=6296,79,2,2,0,4,10,0,0,0,0,0,1,0,28,36,0,1,1
https://www.aicte-india.org/news/today,41,3,1,0,4,0,0,1,0,1,0,0,0,19,11,0,0,0
https://www.flipkart.com/secure/io878?ref=email&utm_id=4646,59,2,0,1,4,5,0,1,0,1,0,1,1,16,13,0,2,0
http://9sewm8fr9abz6-5cpj0e2xtar.top/account-netflix-account/confirm.php?id=1979,80,2,3,0,4,11,0,0,0,0,0,1,0,31,36,1,1,1
http://amazon-login-secure.ga/login/index.php,45,2,3,0,4,0,0,0,0,0,0,0,0,22,15,1,0,1
http://icicibank-account-secure.cf/account/index.php,52,2,1,0,4,0,0,0,0,1,0,1,1,27,18,1,0,1
http://nha12z0h4x3i-9bs0wa-xeksg.click/verify-paypal-verify/confirm.php?id=4174,79,0,6,0,4,9,0,0,0,0,0,1,0,31,33,1,1,1
http://microsoft-verify-secure.xyz/verify/index.php,51,2,2,0,4,2,0,0,0,0,0,1,0,27,17,1,0,1
https://www.linkedin.com/products,33,2,0,0,3,0,0,1,0,1,0,0,1,16,9,0,0,0
http://55.4.172.56/login/netflix,30,2,0,0,4,6,0,2,1,0,0,1,0,11,14,0,0,1
https://aicte-india.org/docs/api/reference,42,1,1,0,5,0,0,0,1,0,0,0,0,15,19,1,0,0
http://nftaf.top/sbi/verify/account@sbi.com/verify.php,54,3,0,0,6,0,1,0,0,0,0,1,0,9,38,0,0,1
https://www.hdfcbank.com/news/today,35,2,0,0,4,0,0,1,0,1,0,0,0,15,11,0,0,0
https://www.galgotiasuniversity.edu.in/products,47,3,0,0,3,2,0,2,0,1,0,0,0,30,9,0,0,0
https://www.nseindia.com/account/dashboard,42,2,0,0,4,0,0,1,0,1,0,1,0,16,18,0,0,0
https://www.amazon.in/contact,29,2,0,0,3,0,0,1,0,1,0,0,0,13,8,1,0,0
https://www.nseindia.com/signin/mf9pml9l?ref=email&utm_id=7090,63,2,0,1,4,6,0,1,0,1,0,1,0,16,16,0,2,0
https://www.github.com/user/profile/settings,44,2,0,0,5,0,0,1,0,1,0,0,0,14,22,0,0,0
https://paypalfubnaj.com/account/index.html,43,2,0,0,4,0,0,0,1,1,0,0,0,16,19,0,0,1
http://85.148.198.219/signin/icicibank,38,3,0,0,4,11,0,2,1,0,0,1,0,14,17,0,0,1
https://www.ugc.gov.in/confirm/d6r30ojhe?ref=email&utm_id=7437,62,3,0,1,4,7,0,2,0,1,0,1,0,14,18,0,2,0
http://peklu.tk/paypal/update/account@paypal.com/update.php,59,3,0,0,6,0,1,0,0,0,0,1,0,8,46,0,0,1
http://instagram.suspend.022wgn.ml/suspend,42,3,0,0,3,3,0,2,0,0,0,1,0,27,8,0,0,1
https://www.irctc.co.in/,24,4,0,0,3,0,0,2,0,1,0,0,0,15,1,0,0,0
http://upbfc.top/paypal/suspend/account@paypal.com/suspend.php,63,3,0,0,6,1,1,0,0,0,0,1,0,9,49,0,0,1
https://www.microsoft.com/blog/2024/article,43,2,0,0,5,4,0,1,0,1,0,0,1,17,18,0,0,0
https://www.nptel.ac.in/account/dashboard,41,3,0,0,4,0,0,2,0,1,0,1,0,15,18,1,0,0
http://is.gd/DrB8dw8,20,1,0,0,3,2,0,0,0,0,0,0,1,5,8,0,0,1
http://netflix-signin-secure.ga/signin/index.php,48,2,2,0,4,0,0,0,0,0,0,1,0,22,17,1,0,1
https://www.aicte-india.org/help/faq,39,2,1,0,4,0,0,1,0,1,0,0,0,19,9,1,0,0
https://hdfcbanktxnvigkh.com/account/index.html,47,2,0,0,4,0,0,0,0,1,0,1,0,19,18,0,0,1
https://microsoft.com/help/faq,30,1,0,0,4,0,0,0,0,1,0,0,1,13,9,0,0,0
https://www.irctc.co.in/login/sf3q0e27z?ref=email&utm_id=3216,61,3,0,1,4,8,0,2,0,1,0,1,0,13,16,0,2,0
https://www.flipkart.com/about,30,0,0,0,3,0,0,0,0,1,0,0,1,16,6,0,0,0
http://paypal-update-secure.ml/update/index.php,47,2,2,0,4,0,0,0,0,0,0,1,0,23,14,1,0,1
https://amazonhwmkkweit.net/account/index.html,46,2,0,0,4,0,0,0,0,1,0,1,0,19,18,0,0,1
https://www.icicibank.com/account/dashboard,43,2,0,0,4,0,0,1,0,1,0,1,0,17,18,0,0,0
http://juhxg.ml/hdfcbank/update/account@hdfcbank.com/update.php,63,2,0,0,6,0,1,0,0,0,0,1,0,8,48,0,0,1
https://www.wikipedia.org/,24,4,0,0,3,0,0,1,0,1,0,0,0,17,0,0,0,0
https://hdfcbank.com/news/today,31,0,0,0,4,0,0,0,0,1,0,0,1,12,11,0,0,0
https://medium.com/products,26,1,0,0,3,3,0,0,0,1,0,0,0,10,9,0,0,0
http://haprn.ga/instagram/login/account@instagram.com/login.php,63,3,0,0,6,0,1,0,0,0,0,0,0,8,48,0,0,1
http://xngam.ga/sbi/suspend/account@sbi.com/suspend.php,55,3,0,0,6,2,1,0,0,0,0,1,0,8,40,0,0,1
https://www.irctc.co.in/help/faq,32,3,0,0,4,0,0,2,0,1,0,1,0,15,9,1,0,0
https://amazon.in/docs/api/reference,36,1,0,0,5,0,0,0,0,0,0,0,0,10,19,0,0,0
https://amazonjyjse.co/account/index.html,39,2,0,0,4,0,0,3,0,1,0,1,0,14,19,0,0,1
http://qbtxn.ga/icicibank/login/account@icicibank.com/login.php,63,3,0,0,6,0,1,0,0,0,0,1,0,8,45,0,0,1
http://netflix.secure.zfvb9e.xyz/secure,39,3,0,0,3,1,0,2,0,0,0,1,0,25,7,0,0,1
http://psepb.ga/sbi/update/account@sbi.com/update.php,53,3,0,0,6,0,1,0,0,0,0,1,0,8,38,0,0,1
http://z3-bu5u0301kdn4un70ulxpvn.ml/account-sbi-account/confirm.php?id=6692,75,2,3,0,4,13,0,0,0,0,0,1,1,28,32,1,1,1
https://www.irctc.co.in/blog/2024/article,41,3,0,0,5,4,0,2,0,1,0,0,1,13,18,0,0,0
https://www.ugc.gov.in/search?q=result,38,3,0,0,3,0,0,2,0,1,0,0,0,12,7,1,1,0
http://9v27shryns1hkrajiaa78msxp.ga/account-paypal-account/confirm.php?id=1379,78,2,2,0,4,10,0,0,0,0,0,1,0,28,35,0,1,1
http://sbi-confirm-secure.tk/confirm/index.php,44,5,2,0,4,0,0,0,0,0,0,1,0,21,18,1,0,1
https://www.linkedin.com/contact,32,2,0,0,3,0,0,1,1,1,0,0,0,16,8,0,0,0
http://tinyurl.com/0blmB9o,26,1,0,0,3,2,0,2,0,0,0,0,1,14,8,0,0,1
http://qcnbm.ml/sbi/confirm/account@sbi.com/confirm.php,55,3,0,0,6,0,1,2,0,0,0,1,0,9,40,0,0,1
http://amazon.signin.4vf89x.top/signin,38,3,0,0,3,3,0,2,0,0,0,1,0,24,10,0,0,1
https://www.flipkart.com/news/today,35,2,0,0,4,0,0,1,0,0,0,0,1,16,12,1,0,0
https://www.amazon.in/help/faq,30,2,1,0,4,1,0,1,0,1,0,0,0,13,9,0,0,0
http://26.139.151.56/account/netflix,36,3,0,0,4,10,0,2,1,0,0,1,0,13,16,0,0,1
http://instagram-confirm-secure.click/confirm/index.php,55,2,2,0,4,0,0,0,0,0,0,1,0,30,16,1,0,1
https://www.flipkart.com/contact,32,2,0,0,3,0,0,1,0,1,0,0,1,16,8,0,0,0
http://d7m1gmprzfznzoa2wcywl-811.tk/secure-sbi-secure/confirm.php?id=6185,73,2,3,0,4,10,0,0,0,0,0,1,0,28,30,1,1,1
http://paypal.suspend.txza43.ga/suspend,39,6,0,0,3,2,0,2,0,0,0,1,0,24,8,0,0,1
http://21.95.120.199/signin/paypal,34,3,0,0,4,10,0,2,1,0,0,1,0,13,14,0,0,1
https://aicte-india.org/blog/2024/article,41,1,1,0,5,4,0,0,1,1,0,1,0,15,18,1,0,0
https://medium.com/user/profile/settings,40,1,0,0,5,0,0,0,0,1,0,0,0,10,22,0,0,0
https://www.github.com/account/dashboard,39,2,0,0,4,0,0,0,0,1,0,1,0,14,18,0,0,0
https://www.icicibank.com/news/today,36,2,0,0,4,0,0,1,0,1,0,0,0,17,11,0,0,0
https://galgotiasuniversity.edu.in/,35,2,0,0,3,0,0,1,0,0,0,0,0,26,1,0,0,0
https://microsoftlhwek.net/account/index.html,45,2,0,0,4,0,0,0,0,1,0,1,0,18,19,0,0,1
https://www.linkedin.com/search?q=result,40,2,0,0,3,0,0,1,0,1,0,0,0,17,7,0,1,0
https://www.github.com/news/today,33,1,0,0,4,0,0,1,0,1,0,0,0,14,11,0,0,0
https://www.microsoft.com/docs/api/reference,44,3,0,0,5,0,0,1,0,1,0,0,1,17,19,1,0,0
https://medium.com/blog/2024/article,36,1,0,0,5,4,0,0,0,1,0,0,0,10,18,1,0,0
http://cutt.ly/hyrz4jw,22,1,0,0,3,1,0,0,0,0,0,0,1,9,10,0,0,1
http://tinyurl.com/F2DkrD4,26,1,0,0,3,2,0,0,0,0,0,0,1,11,8,0,0,1
https://www.stackoverflow.com/products,38,2,0,0,3,0,0,1,0,1,0,0,0,21,9,0,0,0
http://35kslwedz-a8abflxv6cix4-e.cf/confirm-microsoft-confirm/confirm.php?id=6340,84,2,4,0,4,9,0,0,0,0,0,1,0,26,38,0,1,1
https://www.amazon.in/,22,2,0,0,3,0,0,2,0,1,0,0,0,13,1,1,0,0
https://www.aicte-india.org/login/kok3q?ref=email&utm_id=7921,61,2,1,1,4,5,0,3,0,1,0,1,0,19,12,1,2,0
http://google.secure.k8ch3z.cf/secure,37,3,0,0,3,2,0,2,0,0,0,1,0,23,7,0,0,1
https://www.amazon.in/user/profile/settings,43,2,0,0,5,0,0,1,0,1,0,0,0,13,22,0,0,0
https://www.medium.com/products,32,2,0,0,3,0,0,1,0,1,0,0,0,16,9,0,0,0
http://amazon.account.ffzadv.top/account,40,3,0,0,3,0,0,2,0,0,0,1,0,25,8,0,0,1
http://17.27.174.15/signin/sbi,30,6,0,0,4,9,0,2,0,0,0,0,0,12,11,0,0,1
https://www.microsoft.com/docs/api/reference,44,2,0,0,5,0,0,1,0,1,0,0,1,17,19,0,0,0
http://sbi.update.z0hr9t.xyz/update,35,4,0,0,3,2,0,2,0,0,0,1,0,21,7,0,0,1
https://www.ugc.gov.in/help/faq,31,3,0,0,4,0,0,2,0,1,0,1,0,14,7,0,0,0
http://tinyurl.com/ut8wwDt,27,1,0,0,3,1,0,0,0,0,0,0,1,11,8,0,0,1
https://www.wikipedia.org/blog/2024/article,43,4,0,0,5,4,0,1,0,1,0,0,0,14,18,0,0,0
https://www.flipkart.com/secure/1wju?ref=email&utm_id=4783,58,2,0,1,4,5,0,1,0,1,0,1,1,16,12,0,2,0
https://www.stackoverflow.com/about,35,2,0,0,3,0,0,0,0,1,0,0,0,21,6,0,0,0
http://1zfkoxbhlvj01-pwgmf5ln6rg.top/update-netflix-update/confirm.php?id=9605,78,2,3,0,4,9,0,0,0,0,0,1,0,29,34,1,1,1
http://tinyurl.com/7znkh6u,26,1,0,0,3,2,0,0,0,0,0,0,1,11,8,0,0,1
https://nseindia.com/search?q=result,36,1,0,0,3,0,0,0,0,1,0,0,0,12,7,0,1,0
https://www.ugc.gov.in/user/profile/settings,44,3,0,0,5,0,0,2,0,1,0,0,0,14,22,0,0,0
https://www.medium.com/about,28,2,0,0,3,0,0,1,0,1,0,0,0,14,6,0,0,0
https://hdfcbank.com/,22,1,3,0,3,0,0,0,0,1,0,0,0,12,1,0,0,0
https://www.google.com/secure/7eobjlz?ref=email&utm_id=9598,59,2,0,1,4,8,0,1,0,1,0,1,0,14,15,0,2,0
http://cutt.ly/0F6C886,22,0,0,0,3,7,0,0,0,0,0,0,1,7,8,0,0,1
http://sbi.signin.jsfpfm.tk/signin,34,3,0,0,3,0,0,2,0,0,0,1,0,20,7,0,0,1
https://www.wikipedia.org/secure/7so8w5?ref=email&utm_id=5644,61,2,0,1,4,7,0,1,0,1,0,1,0,17,14,0,2,0
https://www.ugc.gov.in/,23,3,0,0,3,0,0,2,0,1,0,0,0,14,1,0,0,0
http://is.gd/abmzcns,21,0,0,0,3,0,0,0,0,0,0,0,1,5,8,0,0,1
http://tinyurl.com/Eb2j3gj,24,1,0,0,3,2,0,0,0,0,0,0,1,11,8,0,0,1
https://www.amazon.in/contact,29,2,0,0,3,0,0,1,0,1,0,0,0,13,8,0,0,0
http://google-signin-secure.ml/signin/index.php,49,5,2,0,4,3,0,0,0,0,0,1,0,23,17,1,0,1
https://www.amazon.in/,22,2,0,0,3,0,0,1,0,1,0,0,0,13,1,0,0,0
http://162.12.84.208/confirm/paypal,35,3,0,0,4,10,0,2,1,0,0,1,0,14,15,0,0,1
http://115.20.229.171/account/amazon,36,3,0,0,4,11,0,2,1,0,0,1,0,14,15,0,0,1
http://bit.ly/kAsgzb7,21,0,0,0,3,1,0,0,0,1,0,0,1,6,8,0,0,1
http://mocch.info/paypal/login/account@paypal.com/login.php,59,1,0,0,6,0,1,0,0,0,0,1,0,10,42,0,0,1
https://www.apple.com/,20,2,0,0,3,0,0,1,0,1,0,0,0,15,4,0,0,0
http://tinyurl.com/nr9nDea,26,0,0,0,3,1,0,0,0,0,0,0,1,8,8,0,0,1
https://www.galgotiasuniversity.edu.in/about,44,3,0,0,3,0,0,2,0,1,0,1,0,32,6,0,0,0
http://tgxcs9b-8egu3hsprghpwlv9h.info/account-amazon-account/confirm.php?id=8883,80,2,3,0,4,8,0,2,0,0,0,1,0,32,35,1,1,1
https://www.amazon.in/search?q=result,37,0,0,0,3,0,0,1,1,1,0,0,0,13,5,0,1,0
http://k3xj4tamwnd0u0pwmc44i9g9t.top/update-icicibank-update/confirm.php?id=2743,80,4,2,0,4,12,0,0,0,1,0,1,0,32,36,0,1,1
https://www.nptel.ac.in/news/today,34,3,0,0,4,0,0,2,0,0,0,0,0,15,11,0,0,0
http://ufkus.xyz/sbi/account/account@sbi.com/account.php,56,3,0,0,6,0,1,0,0,1,0,1,0,9,40,1,0,1
http://tinyurl.com/blj3ryn,26,0,0,0,3,1,0,0,0,0,0,0,1,11,10,1,0,1
http://bit.ly/l8C0bj1,21,1,0,0,3,3,0,0,0,0,0,0,1,6,8,0,0,1
https://www.rbi.org.in/verify/u4xs?ref=email&utm_id=5193,56,3,0,1,4,5,0,2,0,1,0,1,0,14,10,0,2,0
http://t1bmpx3r687wilvqlybi7jjtb.ga/suspend-paypal-suspend/confirm.php?id=8360,80,2,2,0,4,10,0,1,0,0,0,1,0,28,35,0,1,1
http://izmvb.ga/instagram/secure/account@instagram.com/secure.php,65,3,0,0,6,0,1,0,0,0,0,1,0,7,50,0,0,1
https://www.google.com/secure/buot?ref=email&utm_id=2394,53,2,0,1,4,5,0,1,0,1,0,1,0,14,12,0,2,0
http://49px6k0kjsp4-dd3isvyd20u4.click/account-google-account/confirm.php?id=7157,78,2,3,0,4,13,0,0,0,0,0,1,0,31,35,0,1,1
https://www.flipkart.com/news/today,35,2,0,0,4,0,0,1,0,1,0,0,1,15,11,0,0,0
http://152.49.192.65/signin/hdfcbank,37,3,0,0,4,10,0,0,1,0,0,1,1,12,16,0,0,1
http://instagram.secure.bbt873.click/secure,43,3,0,0,3,3,0,2,0,0,0,1,0,29,7,0,0,1
http://cgmqd.click/sbi/secure/account@sbi.com/secure.php,56,1,0,0,6,0,1,0,0,0,0,1,0,11,38,0,0,1
https://www.github.com/help/faq,31,2,0,0,4,3,0,1,0,1,0,0,0,14,9,0,0,0
https://medium.com/,19,1,0,0,3,0,0,0,0,1,0,0,0,10,1,0,0,0
https://www.wikipedia.org/docs/api/reference,44,2,0,0,5,0,0,1,0,1,0,0,0,17,19,0,0,0
http://cutt.ly/zFG64ey,25,0,0,0,3,2,0,0,0,0,0,0,1,10,8,0,0,1
http://microsoft-signin-secure.tk/signin/index.php,50,2,2,0,4,0,0,0,0,0,0,1,0,27,17,0,0,1
http://gjqok.click/netflix/update/account@netflix.com/update.php,64,3,0,0,6,0,1,0,0,0,0,1,0,11,46,0,0,1
https://sbiwnnbtlb.co/account/index.html,40,2,0,0,4,0,0,0,0,1,0,1,1,13,19,0,0,1
http://pjtyu6xtgsy48jx35780chri1.ml/confirm-instagram-confirm/confirm.php?id=5919,81,2,2,0,4,13,0,0,0,0,0,1,0,28,38,0,1,1
https://www.linkedin.com/blog/2024/article,42,2,0,0,5,4,0,1,0,1,0,0,0,14,18,0,0,0
http://sbi.suspend.lzw1fu.tk/suspend,38,3,0,0,3,1,0,5,0,0,0,1,0,21,7,0,0,1
https://www.google.com/account/dashboard,40,2,0,0,4,0,0,1,0,1,0,1,0,14,18,0,0,0
https://www.google.com/user/profile/settings,44,2,0,0,5,0,0,1,0,1,0,0,0,14,22,0,0,0
https://www.galgotiasuniversity.edu.in/contact,46,3,0,0,3,0,0,2,0,1,0,0,0,30,10,0,0,0
http://27.122.7.214/account/amazon,34,3,0,0,4,9,0,2,1,0,0,1,0,12,14,0,0,1
https://www.icicibank.com/user/profile/settings,47,2,0,0,5,0,0,0,0,1,0,0,0,17,22,0,0,0
https://www.rbi.org.in/help/faq,31,3,0,0,4,1,0,2,0,1,0,0,0,14,8,0,0,0
http://bit.ly/r26lAbA,21,1,0,0,3,2,0,0,0,0,0,0,1,6,8,0,0,1
https://www.linkedin.com/contact,32,2,0,0,3,0,0,1,0,1,0,0,1,16,8,0,0,0
https://www.rbi.org.in/help/faq,31,3,0,0,4,0,0,2,0,1,0,0,0,14,9,0,0,0
http://bgl3ncyn2elamr37uowtdkw65.info/confirm-instagram-confirm/confirm.php?id=2225,83,2,2,0,4,10,0,0,0,0,0,1,0,30,37,0,1,1
https://www.apple.com/products,30,2,0,0,3,0,0,1,0,1,0,0,0,13,9,0,0,0
https://www.stackoverflow.com/,30,2,0,0,3,0,0,1,0,1,0,1,0,21,1,1,0,0
https://www.wikipedia.org/contact,36,0,0,0,3,0,0,1,0,1,0,1,0,17,8,0,0,0
http://128.174.7.249/verify/paypal,34,3,0,0,4,10,0,2,1,0,0,1,0,13,14,0,0,1
http://tinyurl.com/eqFfs7u,23,1,0,0,3,4,0,0,0,0,0,0,1,11,8,0,0,1
http://55rz38wnvwjnw17edg781juga.click/verify-paypal-verify/confirm.php?id=5739,79,2,2,0,4,13,0,0,0,0,0,1,0,31,32,0,1,1
https://www.medium.com/blog/2024/article,40,2,0,0,5,4,0,1,0,1,0,0,0,14,18,0,0,0
https://irctc.co.in/products,28,2,0,0,3,0,0,1,0,1,0,1,0,11,9,0,0,0
https://www.medium.com/about,28,2,0,0,3,0,0,1,0,1,0,0,0,14,6,1,0,0
https://www.medium.com/docs/api/reference,41,3,0,0,5,0,0,1,0,1,0,0,1,14,19,0,0,0
http://seunorltt6598405us3zuqman.ga/confirm-netflix-confirm/confirm.php?id=8636,79,2,2,0,4,12,0,0,0,0,0,1,0,28,36,0,1,1
https://www.irctc.co.in/about,29,3,0,0,3,0,0,2,0,1,0,1,0,15,6,1,0,0
http://cnx9eiqeuk6lq-d6so8-h5ia1.ga/confirm-hdfcbank-confirm/confirm.php?id=6798,80,1,5,0,4,10,0,0,0,0,0,1,0,28,37,1,1,1
http://is.gd/g5kz86E,17,1,0,0,3,3,0,0,0,0,0,0,1,5,8,0,0,1
https://www.nptel.ac.in/contact,31,3,0,0,3,0,0,2,0,1,0,0,0,15,8,0,0,0
http://turvti80g0tpt7gkk82l17y0v.tk/verify-paypal-verify/confirm.php?id=8176,76,2,2,0,4,13,0,0,0,0,0,1,0,28,33,0,1,1
http://08-hqtymv69ftzlaw0ne-wt11.info/suspend-paypal-suspend/confirm.php?id=5076,80,2,4,0,4,11,0,0,0,0,0,1,0,30,35,1,1,1
https://nseindia.com/contact,28,1,0,0,3,0,0,0,0,1,0,0,0,12,8,0,0,0
https://www.apple.com/docs/api/reference,40,2,0,0,5,0,0,1,0,1,0,0,0,13,19,0,0,0
http://cutt.ly/0e3Gy1F,22,1,0,0,3,3,0,0,0,0,0,0,1,7,6,0,0,1
http://is.gd/6AekzG7,20,1,0,0,3,2,0,0,0,0,0,0,1,8,8,0,0,1
https://nptel.ac.in/docs/api/reference,40,3,0,0,5,0,0,1,0,0,0,0,0,11,19,0,0,0
http://248.6.239.136/signin/paypal,34,3,0,0,4,10,0,2,1,0,0,1,0,13,12,0,0,1
http://bit.ly/ti96Ddh,22,1,0,0,3,2,0,0,0,0,0,1,1,6,8,1,0,1
http://fgj1zofqu4-qpfq7zf8508hu8.tk/signin-icicibank-signin/confirm.php?id=8796,79,2,2,0,4,12,0,0,0,0,0,1,0,28,36,1,1,1
https://amazonknlngimbb.com/account/index.html,46,2,0,0,4,0,0,0,0,1,0,0,0,19,19,0,0,1
https://www.irctc.co.in/user/profile/settings,45,3,0,0,5,0,0,2,1,1,0,0,0,15,22,0,0,0
http://250.119.174.58/confirm/instagram,39,2,0,0,4,11,0,2,1,0,0,1,0,14,18,0,0,1
http://cawbw.xyz/paypal/verify/account@paypal.com/verify.php,60,3,0,0,6,0,1,0,0,0,0,1,0,9,44,0,0,1
https://www.galgotiasuniversity.edu.in/blog/2024/article,56,3,0,0,5,4,0,2,0,1,0,0,0,30,18,0,0,0
http://hdfcbank-update-secure.cf/update/index.php,49,2,2,0,4,0,0,0,0,0,0,1,0,25,19,1,0,1
https://www.galgotiasuniversity.edu.in/secure/h024kwk5?ref=email&utm_id=7113,79,3,0,1,4,8,0,2,0,1,0,1,1,30,17,0,2,0
http://cutt.ly/57cwEzy,22,1,0,0,3,2,0,0,0,0,0,0,1,7,8,1,0,1
https://www.ugc.gov.in/blog/2024/article,40,3,0,0,5,4,0,2,0,1,0,0,0,14,18,0,0,0
http://microsoft.login.35qbb3.click/login,41,3,0,0,3,6,0,2,0,0,0,1,0,28,6,0,0,1
https://netflixknpkew.net/account/index.html,44,2,0,0,4,0,0,0,0,1,0,1,0,18,19,0,0,1
http://h0it5bv5i5cxgf9gc1s7enfqp.xyz/confirm-instagram-confirm/confirm.php?id=9183,82,3,2,0,4,8,0,0,0,0,0,1,0,29,38,0,1,1
https://www.aicte-india.org/account/o87f00t?ref=email&utm_id=3001,65,2,0,1,4,9,0,0,0,0,0,1,0,19,16,1,2,0
http://7ss2a3r6bfzcx9ihzf0-s-wt2.info/confirm-hdfcbank-confirm/confirm.php?id=8331,82,2,4,0,4,11,0,0,0,0,0,1,0,30,37,1,1,1
https://nseindia.com/account/dashboard,38,3,0,0,4,2,0,0,0,1,0,1,0,9,18,0,0,0
http://hdfcbank.signin.j3e0qq.cf/signin,39,3,0,0,3,2,0,2,0,1,0,1,0,25,7,0,0,1
https://www.medium.com/about,31,2,0,0,3,0,0,4,0,1,0,0,1,14,6,0,0,0
https://www.linkedin.com/blog/2024/article,42,2,0,0,5,4,0,1,0,1,0,0,0,16,18,0,0,0
https://www.irctc.co.in/search?q=result,39,0,0,0,3,0,0,2,0,1,0,0,0,12,10,0,1,0
https://www.apple.com/search?q=result,37,2,0,0,3,0,0,0,0,1,0,0,0,13,7,0,1,0
http://zyjps.click/instagram/signin/account@instagram.com/signin.php,70,3,0,0,6,0,1,0,0,0,0,1,0,11,52,1,0,1
https://nseindia.com/blog/2024/article,38,1,1,0,5,4,0,0,0,1,0,0,0,12,18,0,0,0
http://netflix.signin.ipwh0m.info/signin,40,3,0,0,3,1,0,2,0,0,0,0,0,26,10,0,0,1
http://qqpat.top/paypal/suspend/account@paypal.com/suspend.php,64,3,0,0,6,0,1,0,0,0,0,1,0,9,46,0,0,1
https://icicibank.com/about,27,1,0,0,3,0,0,1,1,1,0,0,0,13,6,0,0,0
http://sbi.signin.a3g49m.top/signin,35,3,0,0,3,3,0,2,0,0,0,1,0,21,7,0,0,1
https://www.ugc.gov.in/,23,3,0,0,3,0,0,2,0,1,0,0,0,14,2,0,0,0
http://1.14.170.191/login/icicibank,35,3,0,0,4,9,0,2,1,0,0,1,0,12,16,0,0,1
http://amazon.account.7140k3.tk/account,39,0,0,0,3,5,0,2,0,0,0,1,0,24,8,0,0,1
https://www.flipkart.com/verify/h4sp?ref=email&utm_id=3450,58,2,0,1,4,5,0,1,0,1,0,1,1,16,10,0,2,0
https://www.github.com/contact,33,2,0,0,3,0,0,1,0,1,0,0,0,14,8,0,0,0
https://www.apple.com/blog/2024/article,39,2,0,0,5,4,0,2,0,1,0,0,0,13,18,0,0,0
http://184.224.102.113/verify/hdfcbank,38,3,0,0,4,12,0,2,1,0,0,0,0,15,16,0,0,1
https://www.medium.com/account/ww8yl68nt?ref=email&utm_id=5633,62,2,0,1,4,7,0,1,0,1,0,1,0,14,18,0,2,0
https://www.icicibank.com/secure/3km2kql0ht?ref=email&utm_id=5237,66,2,0,1,4,7,0,1,0,1,0,1,0,17,18,0,2,0
http://nvekd.ga/paypal/confirm/account@paypal.com/confirm.php,61,6,0,0,6,0,1,0,0,0,0,1,0,8,48,0,0,1
https://www.flipkart.com/user/profile/settings,46,2,0,0,5,0,0,1,0,1,0,0,1,16,22,0,0,0
https://wikipedia.org/user/profile/settings,43,1,0,0,5,0,0,0,1,1,0,0,0,13,22,0,0,0
http://198.236.238.117/signin/paypal,36,3,0,0,4,12,0,2,1,0,0,1,0,15,14,0,0,1
https://www.medium.com/blog/2024/article,40,2,0,0,5,4,0,1,0,0,0,1,0,14,18,0,0,0
https://www.ugc.gov.in/login/cy15pdtz9?ref=email&utm_id=8130,60,3,0,1,4,6,0,2,0,1,0,1,0,14,16,0,2,0
http://cutt.ly/FtqporF,25,1,0,0,3,0,0,0,0,0,0,0,1,10,8,0,0,1
http://cutt.ly/w2qysyD,22,1,2,0,3,1,0,0,0,0,0,0,1,6,8,0,0,1
http://ecjow.tk/paypal/account/account@paypal.com/account.php,61,3,0,0,6,0,1,0,0,0,0,1,0,8,47,0,0,1
http://sbi.login.izh5p3.click/login,35,2,0,0,3,1,0,2,0,1,0,0,0,22,6,0,0,1
https://www.wikipedia.org/search?q=result,41,2,0,0,3,0,0,1,0,1,0,0,0,17,7,0,1,0
https://medium.com/account/dashboard,37,1,0,0,4,0,0,0,0,1,0,1,0,8,18,1,0,0
http://ax8lx691zir13m88ryzdow066.ml/signin-netflix-signin/confirm.php?id=9267,77,2,2,0,4,15,0,0,0,0,0,1,0,25,34,0,1,1
https://apple.com/news/today,28,1,0,0,4,0,0,0,0,1,0,0,0,9,11,0,0,0
https://www.github.com/about,28,2,0,0,3,0,0,1,1,1,0,0,0,14,6,1,0,0
http://pwcxu.tk/netflix/update/account@netflix.com/update.php,61,1,0,0,6,0,1,0,0,0,0,1,0,8,46,0,0,1
https://www.medium.com/news/today,33,2,0,0,4,0,0,1,0,1,0,0,0,14,11,0,0,0
https://www.microsoft.com/contact,33,2,0,0,3,0,0,1,0,1,0,0,1,17,8,1,0,0
https://www.linkedin.com/search?q=result,40,2,0,0,3,0,0,1,0,1,0,1,0,16,7,0,1,0
https://www.apple.com/products,30,1,0,0,3,0,0,1,0,1,0,0,0,13,9,0,0,0
http://google.login.l12qfa.xyz/login,36,0,0,0,3,0,0,2,0,0,0,1,0,23,6,0,0,1
https://www.linkedin.com/docs/api/reference,43,2,0,0,5,0,0,3,0,1,0,0,0,16,19,0,0,0
https://www.hdfcbank.com/signin/njy1o2rn?ref=email&utm_id=8925,59,2,0,1,4,6,0,1,0,1,0,1,0,16,16,0,2,0
http://43.175.71.217/suspend/google,35,3,0,0,4,13,0,2,1,0,0,1,0,10,15,0,0,1
http://netflix.suspend.ggcbi6.tk/suspend,40,3,0,0,3,1,0,2,0,0,0,1,1,24,8,0,0,1
http://tinyurl.com/uxlhAtF,26,0,3,0,3,2,0,0,0,0,0,0,1,11,8,0,0,1
http://netflix-update-secure.ga/update/index.php,48,2,2,0,4,0,0,0,0,0,0,1,0,27,17,1,0,1
https://www.medium.com/news/today,33,2,0,0,4,0,0,1,0,1,0,0,0,14,11,0,0,0
https://amazonkgvjd.co/account/index.html,41,2,0,0,4,0,0,0,0,1,0,1,0,14,17,0,0,1
https://www.irctc.co.in/blog/2024/article,41,3,0,0,5,4,0,2,0,1,0,0,0,15,18,0,0,0
https://www.github.com/help/faq,31,2,0,0,4,0,0,1,0,1,0,0,0,14,7,0,0,0
http://190.14.36.18/update/google,33,3,0,0,4,9,0,2,1,0,0,1,0,12,14,0,0,1
https://www.amazon.in/user/profile/settings,43,2,0,0,5,0,0,2,0,0,0,0,0,13,22,0,0,0
https://www.aicte-india.org/secure/u0env5sn9?ref=email&utm_id=5067,66,2,1,1,4,7,0,1,1,1,0,1,0,20,17,1,2,0
http://206.111.189.207/suspend/sbi,34,3,0,0,4,12,0,2,1,0,0,1,0,13,12,0,0,1
https://paypalusvbsc.net/account/index.html,43,2,0,0,4,0,0,0,0,1,0,1,0,16,18,0,0,1
https://www.ugc.gov.in/contact,30,3,0,0,3,0,0,2,0,1,0,0,0,14,8,0,0,0
https://amazongakmuz.net/account/index.html,43,2,0,0,4,0,0,0,0,1,0,1,0,16,16,0,0,1
https://www.icicibank.com/contact,36,4,0,0,3,0,0,1,0,1,0,0,0,17,8,0,0,0
https://www.google.com/blog/2024/article,40,2,0,0,5,4,0,1,0,1,0,0,0,14,18,0,0,0
https://www.nptel.ac.in/user/profile/settings,45,3,0,0,5,0,0,2,0,1,0,0,0,15,22,0,0,0
http://vsr0aerpxbe1p6ei8l9ewbry9.click/signin-sbi-signin/confirm.php?id=7567,76,2,2,0,4,11,0,0,1,1,0,0,0,31,30,0,1,1
https://hdfcbanksgqkmz.co/account/index.html,42,2,0,0,4,0,0,0,0,1,0,1,0,17,19,0,0,1
https://wikipedia.org/user/profile/settings,43,1,0,0,5,0,0,0,0,1,0,0,0,13,22,0,0,0
https://instagramktillhu.net/account/index.html,47,4,0,0,4,1,0,0,0,1,0,1,0,20,19,0,0,1
https://www.irctc.co.in/search?q=result,39,3,0,0,3,1,0,2,0,1,0,0,1,15,7,0,1,0
https://www.linkedin.com/,25,2,0,0,3,0,0,1,0,1,0,0,0,16,1,0,0,0
https://microsoftndvqm.net/account/index.html,45,2,0,0,4,0,0,0,0,1,0,1,0,18,19,0,0,1
http://159.185.44.186/login/microsoft,37,3,0,0,4,11,0,2,1,0,0,1,0,14,16,0,0,1
https://www.nptel.ac.in/docs/api/reference,42,3,0,0,5,0,0,2,0,1,0,0,0,15,19,1,0,0
https://www.google.com/docs/api/reference,41,2,0,0,5,0,0,1,1,1,0,0,0,14,20,0,0,0
http://rtuoi.ga/microsoft/login/account@microsoft.com/login.php,63,2,0,0,6,0,1,0,0,0,0,1,0,8,48,0,0,1
https://www.icicibank.com/account/ac2e4qxgn?ref=email&utm_id=8763,65,1,0,1,4,6,0,1,1,1,0,1,0,18,15,0,2,0
https://www.icicibank.com/help/faq,34,2,0,0,4,0,0,0,0,1,0,0,0,20,10,0,0,0
https://microsoft.com/user/profile/settings,43,1,0,0,5,0,0,0,0,1,0,0,1,13,22,0,0,0
https://www.hdfcbank.com/help/faq,33,3,0,0,4,0,0,1,0,1,0,0,0,16,9,0,0,0
https://www.github.com/blog/2024/article,40,4,0,0,5,4,0,1,0,1,0,0,0,14,18,0,0,0
http://netflix.verify.7h81jm.cf/verify,38,3,3,0,3,3,0,2,0,0,0,1,0,24,6,0,0,1
https://www.google.com/search?q=result,38,2,0,0,3,0,0,1,0,1,0,0,0,14,5,0,1,0
http://bit.ly/h40pj3f,21,1,0,0,3,3,0,0,0,0,0,0,1,6,8,0,0,1
https://www.apple.com/products,30,2,0,0,3,0,0,1,1,1,0,0,0,13,9,0,0,0
https://www.apple.com/,22,2,0,0,3,0,0,1,0,1,0,0,0,13,1,0,0,0
http://219.188.41.60/login/paypal,33,3,0,0,4,10,0,2,1,0,0,1,0,13,13,0,0,1
http://yturp.top/amazon/signin/account@amazon.com/signin.php,60,3,0,0,6,0,1,0,0,1,0,1,0,9,44,0,0,1
https://www.aicte-india.org/verify/jfx5?ref=email&utm_id=6068,61,2,1,1,4,5,0,1,0,1,0,1,0,19,12,1,2,0
http://icicibank-signin-secure.tk/signin/index.php,50,2,2,0,4,0,0,0,0,0,0,1,1,26,17,1,0,1
https://www.hdfcbank.com/user/profile/settings,46,2,0,0,5,0,0,1,0,1,0,0,0,14,24,0,0,0
https://wikipedia.org/help/faq,30,1,0,0,4,0,0,0,0,1,0,0,0,13,9,0,0,0
https://galgotiasuniversity.edu.in/products,43,2,2,0,3,0,0,1,0,1,0,0,0,26,9,0,0,0
https://www.irctc.co.in/products,32,3,0,0,3,0,0,2,0,1,0,0,0,15,9,0,0,0
http://paypal.verify.d0dl7u.click/verify,40,3,0,0,3,2,0,2,0,0,0,1,0,26,7,0,0,1
https://www.linkedin.com/products,33,2,0,0,3,0,0,1,0,0,0,1,0,16,9,0,0,0
http://paypal-login-secure.ga/login/index.php,45,2,2,0,4,0,0,0,0,0,0,1,0,22,15,0,0,1
https://galgotiasuniversity.edu.in/help/faq,43,2,0,0,4,0,0,1,0,1,0,0,0,28,9,0,0,0
https://hdfcbanktpzxaevp.co/account/index.html,45,2,0,0,4,0,0,0,1,1,0,1,0,18,19,0,0,1
http://bittx.ml/amazon/verify/account@amazon.com/verify.php,56,3,0,0,6,3,1,0,0,0,0,1,0,8,44,0,0,1
https://microsoftyxujhsnvt.co/account/index.html,48,2,0,0,4,0,0,0,0,1,0,1,1,23,19,0,0,1
https://www.rbi.org.in/help/faq,31,3,0,0,4,0,0,2,0,1,0,0,0,14,9,0,0,0
http://pa385jr944ticwqdqe-7n6z2c.click/login-hdfcbank-login/confirm.php?id=8240,76,2,3,0,4,13,0,3,0,0,0,1,0,34,33,1,1,1
http://tinyurl.com/Ewsnc5r,24,1,0,0,3,0,0,3,0,0,0,0,1,11,8,0,0,1
https://www.hdfcbank.com/,25,2,0,0,3,0,0,1,0,0,0,0,0,16,1,0,0,0
http://rpizl.ml/microsoft/suspend/account@microsoft.com/suspend.php,69,3,0,0,6,0,1,0,0,0,0,1,0,8,52,0,0,1
http://google.secure.noz7qm.click/secure,40,3,0,0,3,1,0,2,0,1,0,1,0,26,7,0,0,1
http://dut2fb3vi20-ecnxnbyel1q-3.ml/update-icicibank-update/confirm.php?id=9737,79,2,4,0,4,9,0,0,0,0,0,1,0,25,36,1,1,1
https://googlewvqoddl.net/account/index.html,45,2,0,0,4,0,0,0,0,1,0,1,0,16,19,0,0,1
https://aicte-india.org/news/today,34,1,0,0,4,0,0,0,0,1,0,0,0,14,11,1,0,0
https://microsoft.com/contact,29,1,0,0,3,0,0,0,0,1,0,0,1,13,8,0,0,0
https://amazon.in/help/faq,24,1,0,0,4,0,0,0,0,1,0,1,0,9,11,0,0,0
http://94.12.251.241/account/amazon,35,3,0,0,4,10,0,0,1,0,0,0,0,13,15,0,0,1
https://www.google.com/products,31,2,0,0,3,0,0,1,0,1,0,0,0,14,9,0,0,0
https://www.stackoverflow.com/signin/muwa?ref=email&utm_id=4296,63,2,0,1,4,4,0,1,0,1,0,1,0,21,12,0,2,0
https://icicibank.com/search?q=result,37,1,0,0,3,0,0,0,0,1,0,0,0,13,7,0,1,0
https://irctc.co.in/account/dashboard,37,2,0,0,4,0,0,1,1,1,0,1,0,11,18,0,0,0
http://omoii.cf/netflix/signin/account@netflix.com/signin.php,64,3,0,0,6,0,1,0,0,0,0,1,0,8,46,0,0,1
https://www.medium.com/news/today,33,4,0,0,4,0,0,1,0,1,0,0,0,14,11,0,0,0
http://cutt.ly/Ga7crBg,19,1,0,0,3,2,0,0,0,0,0,0,1,7,8,0,0,1
https://www.aicte-india.org/news/today,38,2,1,0,4,0,0,1,0,1,0,0,0,19,11,1,0,0
https://www.apple.com/contact,31,2,0,0,3,0,0,4,0,0,0,0,0,13,8,0,0,0
http://cutt.ly/8D7s50E,22,1,0,0,3,4,0,0,0,0,0,0,1,7,8,0,0,1
https://hdfcbanktrwwtof.com/account/index.html,49,0,0,0,4,0,0,0,0,1,0,1,0,19,19,0,0,1
https://www.medium.com/blog/2024/article,40,0,0,0,5,4,0,1,0,1,0,0,0,14,18,0,0,0
https://microsoftvokovyy.com/account/index.html,47,2,0,0,4,0,0,0,0,1,0,1,0,23,19,0,0,1
http://35.85.103.147/login/icicibank,36,6,0,0,4,10,0,2,1,0,0,1,0,13,16,0,0,1
http://kqkwu.info/paypal/update/account@paypal.com/update.php,61,3,0,0,6,0,1,0,0,0,0,1,0,7,44,0,0,1
https://www.nseindia.com/help/faq,33,2,0,0,4,3,0,0,0,1,0,1,0,16,9,0,0,0
https://www.nseindia.com/signin/d7rb?ref=email&utm_id=7504,58,2,0,1,4,5,0,1,0,1,0,1,0,16,12,0,2,0
http://gol11to0rf6a8qz9zb7x9p75m.tk/verify-sbi-verify/confirm.php?id=5375,73,2,2,0,4,14,0,0,0,0,0,1,0,28,30,0,1,1
http://bxfwu.top/microsoft/account/account@microsoft.com/account.php,68,3,0,0,6,0,1,0,1,0,0,1,0,10,52,0,0,1
http://v19luspx4hhigvunnwcm0y9k6.xyz/confirm-sbi-confirm/confirm.php?id=6464,76,2,4,0,4,10,0,0,0,0,0,1,0,29,32,0,1,1
https://hdfcbankgpplbp.co/account/index.html,43,2,0,0,4,0,0,0,0,1,0,1,0,17,19,1,0,1
http://paypal.update.20tvdj.cf/update,35,3,0,0,3,2,0,2,0,0,0,1,0,23,7,0,0,1
https://instagramooiugrc.co/account/index.html,46,2,0,0,4,0,0,0,0,1,0,0,0,20,19,0,0,1
https://www.wikipedia.org/docs/api/reference,44,2,0,0,5,0,0,1,1,1,0,0,0,17,19,0,0,0
https://www.nptel.ac.in/secure/0odwmqx5?ref=email&utm_id=3733,61,2,0,1,4,6,0,2,0,1,0,1,0,15,16,0,2,0
http://bit.ly/kfwht3b,19,1,0,0,3,1,0,0,0,0,0,0,1,6,8,0,0,1
https://www.aicte-india.org/account/dashboard,43,2,1,0,4,0,0,1,0,1,0,1,0,19,20,1,0,0
https://www.nptel.ac.in/secure/kls1qcwq85?ref=email&utm_id=6527,63,6,0,1,4,7,0,3,0,1,0,1,0,15,18,0,2,0
https://linkedin.com/account/dashboard,38,1,0,0,4,0,0,3,0,1,0,1,0,12,18,0,0,0
http://hdfcbank-verify-secure.xyz/verify/index.php,50,2,2,0,4,0,0,0,0,0,0,1,0,26,17,1,0,1
https://www.linkedin.com/confirm/ai89y1ff?ref=email&utm_id=3395,63,2,0,1,4,7,0,1,0,1,0,1,0,16,20,1,2,0
http://paypal-confirm-secure.top/confirm/index.php,50,2,2,0,4,0,0,0,0,0,0,1,0,25,18,1,0,1
https://www.nptel.ac.in/,24,1,0,0,3,0,0,2,0,1,0,0,0,15,1,0,0,0
http://51.123.30.114/verify/google,34,3,0,0,4,10,0,2,1,0,0,1,0,13,14,0,0,1
http://netflix.signin.v1djjz.top/signin,39,0,0,0,3,1,0,2,0,0,0,1,0,25,7,0,0,1
https://www.ugc.gov.in/user/profile/settings,44,3,0,0,5,0,0,2,0,1,0,0,0,15,22,1,0,0
http://bit.ly/Cfmz0eC,21,1,0,0,3,1,0,0,1,0,0,0,1,9,8,0,0,1
http://soino.info/instagram/account/account@instagram.com/account.php,69,3,0,0,6,0,1,0,0,0,0,1,0,10,52,0,0,1
http://184.35.57.189/suspend/instagram,38,4,0,0,4,10,0,2,1,0,0,1,0,10,18,0,0,1
http://cutt.ly/vslBFAx,22,1,0,0,3,0,0,0,0,0,0,0,1,7,8,0,0,1
http://okthp.info/hdfcbank/secure/account@hdfcbank.com/secure.php,65,2,0,0,6,0,1,0,0,0,0,1,0,10,48,0,0,1
https://www.github.com/,23,2,0,0,3,0,0,1,0,1,0,0,0,14,1,0,0,0
https://rbi.org.in/about,24,2,0,0,3,0,0,1,0,1,0,0,0,10,6,0,0,0
http://tinyurl.com/pddy1gh,26,1,0,0,3,1,0,0,0,0,0,0,1,11,8,0,0,1
https://www.rbi.org.in/help/faq,29,3,0,0,4,0,0,2,0,0,0,0,0,17,9,0,0,0
https://www.hdfcbank.com/products,31,2,0,0,3,0,0,1,0,1,0,0,0,16,9,0,0,0
https://www.apple.com/news/today,32,2,0,0,4,0,0,1,0,1,0,0,0,15,11,0,0,0
http://qmdcy.tk/icicibank/secure/account@icicibank.com/secure.php,65,3,0,0,6,0,1,0,0,0,0,1,0,8,48,0,0,1
http://gnamxwnb1jdd0xpk9zj441tqc.ga/login-sbi-login/confirm.php?id=7107,71,2,2,0,4,10,0,0,0,0,0,1,0,28,28,0,1,1
https://www.ugc.gov.in/user/profile/settings,44,3,0,0,5,0,0,2,0,1,0,0,0,14,22,0,0,0
http://is.gd/u3ngopG,20,1,0,0,3,1,0,0,0,0,0,0,1,5,9,0,0,1
http://amazon.suspend.7zsoou.top/suspend,40,3,0,0,3,1,0,2,0,0,0,1,0,25,8,0,0,1
https://microsoftzcqkynbaq.net/account/index.html,49,2,0,0,4,0,0,3,0,1,0,1,0,22,19,0,0,1
http://mcswk.ml/microsoft/login/account@microsoft.com/login.php,63,3,0,0,6,0,1,0,0,0,0,1,0,9,48,0,0,1
http://instagram.secure.ijmcjb.xyz/secure,41,3,0,0,3,0,0,1,0,0,0,1,0,27,7,0,0,1
https://www.rbi.org.in/products,31,3,2,0,3,0,0,2,0,1,0,0,0,14,9,0,0,0
http://owazn.xyz/amazon/secure/account@amazon.com/secure.php,60,3,0,0,6,0,1,0,0,0,0,1,0,9,44,0,0,1
https://www.medium.com/blog/2024/article,40,2,0,0,5,4,0,1,0,1,0,0,0,14,18,0,0,0
https://www.icicibank.com/products,34,0,0,0,3,1,0,1,0,1,0,0,0,17,11,0,0,0
http://113.231.81.201/secure/icicibank,38,3,0,0,4,11,0,2,1,0,0,1,0,14,17,0,0,1
https://apple.com/news/today,27,1,0,0,4,0,0,0,0,1,0,1,0,9,11,0,0,0
https://www.aicte-india.org/update/0mqvi?ref=email&utm_id=7315,62,2,1,1,4,5,0,1,0,1,0,1,0,21,13,1,2,0
https://www.ugc.gov.in/,23,3,0,0,3,0,0,2,0,1,0,0,0,14,1,0,0,0
https://www.amazon.in/about,27,2,0,0,3,0,0,1,0,1,0,0,0,13,3,0,0,0
http://xtsru.info/hdfcbank/confirm/account@hdfcbank.com/confirm.php,67,3,0,0,6,0,1,0,0,0,0,1,0,13,50,0,0,1
http://55.183.119.53/update/icicibank,37,3,0,0,4,10,0,2,1,0,0,1,0,13,17,0,0,1
http://sbi.secure.gj4anl.tk/secure,34,3,0,0,3,1,0,3,0,0,0,1,1,20,7,0,0,1
https://www.wikipedia.org/search?q=result,41,2,0,0,3,0,0,1,0,1,0,0,0,17,7,0,1,0
https://github.com/help/faq,28,0,0,0,4,0,0,0,0,1,0,0,0,10,9,0,0,0
https://www.wikipedia.org/,26,0,0,0,3,0,0,1,0,1,0,0,0,17,1,0,0,0
https://www.github.com/docs/api/reference,41,2,0,0,5,0,0,1,0,1,0,0,0,14,19,0,0,0
https://www.medium.com/contact,30,2,0,0,3,0,0,1,0,1,0,1,0,14,8,0,0,0
https://googlemjutm.co/account/index.html,41,2,0,0,4,0,0,0,1,1,0,1,0,14,19,1,0,1
https://www.flipkart.com/user/profile/settings,46,2,0,0,5,0,0,1,0,1,0,1,0,16,22,0,0,0
https://flipkart.com/docs/api/reference,39,1,0,0,5,0,0,0,0,1,0,0,1,12,19,0,0,0
https://nseindia.com/blog/2024/article,38,1,0,0,5,4,0,0,0,1,0,0,0,12,18,0,0,0
https://aicte-india.org/products,32,1,1,0,3,0,0,0,1,1,0,0,0,15,9,1,0,0
http://d2fpe71qraqik4omd5ppsv1-b.ml/signin-amazon-signin/confirm.php?id=7548,76,2,3,0,4,10,0,0,0,0,0,1,0,28,33,1,1,1
https://netflixqokyjmu.com/account/index.html,42,2,0,0,4,0,0,0,0,1,0,1,0,18,19,0,0,1
https://hdfcbank.com/search?q=result,36,1,0,0,3,0,0,0,0,1,0,0,0,12,7,0,1,0
http://duwst.tk/instagram/update/account@instagram.com/update.php,65,3,0,0,6,0,1,0,0,0,0,1,0,8,50,0,0,1
https://www.nseindia.com/account/dashboard,42,2,0,0,4,0,0,4,0,1,0,1,0,16,18,0,0,0
https://www.github.com/user/profile/settings,44,2,0,0,5,0,0,1,0,1,0,0,0,13,24,0,0,0
http://y5f2r-cgxpx84p1bloh0nq4i7.top/verify-instagram-verify/confirm.php?id=8853,83,2,3,0,4,12,0,0,0,0,0,1,1,29,36,1,1,1
https://www.aicte-india.org/confirm/emruyp04k?ref=email&utm_id=7920,67,2,1,1,4,6,0,3,0,1,0,1,0,19,18,1,2,0
http://microsoft.suspend.jk4cwe.xyz/suspend,43,3,0,0,3,1,0,2,0,0,0,1,0,28,8,0,0,1
https://rbi.org.in/search?q=result,34,2,0,0,3,0,0,1,0,1,0,0,0,10,7,0,1,0
http://google-suspend-secure.tk/suspend/index.php,49,2,2,0,4,0,0,0,0,0,0,1,0,24,18,1,0,1
http://31.79.61.125/confirm/google,31,1,0,0,4,9,0,2,1,0,0,0,0,12,13,0,0,1
https://www.nseindia.com/account/dashboard,41,0,0,0,4,0,0,2,0,1,0,1,0,16,20,0,0,0
https://www.google.com/signin/p5zp7r1m?ref=email&utm_id=2600,60,2,0,1,4,7,0,1,0,1,0,1,0,14,16,0,2,0
http://243.149.90.91/update/icicibank,39,6,0,0,4,10,0,2,1,0,0,1,0,13,16,0,0,1
http://t-5o0kfnpuja51ts3bkaxzb14.cf/account-paypal-account/confirm.php?id=7190,78,2,3,0,4,11,0,0,0,0,0,1,0,28,35,1,1,1
https://paypalhupka.net/account/index.html,42,2,0,0,4,0,0,0,0,1,0,1,0,15,19,0,0,1
http://3pjcrixbqi6t2e9wet9ao2mn2.info/signin-google-signin/confirm.php?id=2039,78,2,2,0,4,11,0,0,0,0,0,1,0,30,33,0,1,1
https://www.galgotiasuniversity.edu.in/products,47,3,0,0,3,0,0,2,0,1,0,0,0,30,12,0,0,0
http://hdfcbank-account-secure.click/account/index.php,54,5,2,0,4,0,0,0,0,0,0,1,0,26,18,1,0,1
https://www.irctc.co.in/account/dashboard,41,5,0,0,4,0,0,2,0,1,0,1,0,15,18,0,0,0
https://www.wikipedia.org/contact,33,2,0,0,3,0,0,1,0,1,0,0,1,17,8,0,0,0
https://www.irctc.co.in/news/today,34,3,0,0,4,1,0,2,0,1,0,0,0,15,11,0,0,0
http://microsoft.login.2tvmxq.click/login,41,3,0,0,3,1,0,2,0,0,0,1,0,28,6,0,0,1
https://www.galgotiasuniversity.edu.in/docs/api/reference,60,3,0,0,5,0,0,2,0,1,0,1,0,30,19,0,0,0
https://microsoftbpttqx.co/account/index.html,45,2,0,0,4,0,0,0,0,1,0,1,0,18,19,0,0,1
http://37.67.30.81/signin/google,32,3,0,0,4,8,0,2,1,0,0,1,1,14,14,0,0,1
http://azoay.info/instagram/secure/account@instagram.com/secure.php,67,3,0,0,6,0,1,0,0,0,0,1,0,9,50,0,0,1
http://cutt.ly/iEachFv,21,1,0,0,3,0,0,0,0,0,0,0,1,7,8,0,0,1
http://hdfcbank-update-secure.ga/update/index.php,49,2,0,0,4,0,0,0,0,0,0,1,0,24,17,1,0,1
http://google-account-secure.top/account/index.php,50,2,5,0,4,0,0,0,0,0,0,1,0,25,21,1,0,1
https://www.stackoverflow.com/verify/qe4loh?ref=email&utm_id=4425,65,2,0,1,4,5,0,1,0,1,0,1,0,21,14,1,2,0
http://hdfcbank-signin-secure.click/signin/index.php,52,2,2,0,4,0,0,0,0,1,0,1,0,28,14,1,0,1
https://www.aicte-india.org/news/today,38,2,1,0,4,0,0,0,0,1,0,0,0,18,11,1,0,0
http://119.200.130.241/verify/hdfcbank,38,3,2,0,4,12,0,2,1,0,0,1,0,15,16,0,0,1
https://www.hdfcbank.com/help/faq,33,2,0,0,4,0,0,1,0,1,0,0,0,16,9,0,0,0
https://microsoftgevrpmud.co/account/index.html,47,2,0,0,4,0,0,0,0,1,0,1,1,20,19,0,0,1
https://www.github.com/docs/api/reference,41,2,0,0,5,0,0,1,0,1,0,0,0,14,19,0,0,0
https://www.medium.com/account/dashboard,40,2,0,0,4,2,0,1,0,1,0,1,0,14,18,0,0,0
http://netflix-signin-secure.click/signin/index.php,51,2,2,0,4,0,0,0,0,0,0,1,0,27,17,1,0,1
http://microsoft.verify.vdxdf6.ga/verify,41,3,0,0,3,1,0,2,0,0,0,1,0,26,7,0,0,1
http://amazon.verify.0mqa1c.tk/verify,36,3,0,0,3,0,0,2,0,0,0,1,0,25,7,0,0,1
https://www.nptel.ac.in/products,32,3,2,0,3,0,0,2,0,1,0,0,0,15,9,1,0,0
https://www.ugc.gov.in/news/today,33,3,0,0,4,0,0,2,0,1,0,0,0,14,8,0,0,0
http://225.109.43.213/account/instagram,39,3,0,0,4,11,0,2,1,0,0,1,0,14,18,0,0,1
http://i6wmldaae27p2fs335erul25f.ml/signin-sbi-signin/confirm.php?id=2251,73,2,2,0,4,13,0,0,0,0,0,0,0,28,33,0,1,1
https://hdfcbank.com/contact,28,1,0,0,3,0,0,0,0,1,0,0,0,12,8,0,0,0
http://esechv4zcpkawn-7n8kbnkfvd.cf/account-paypal-account/confirm.php?id=4464,78,2,3,0,4,5,0,0,0,1,0,1,0,26,35,1,1,1
https://www.hdfcbank.com/news/today,33,2,3,0,4,0,0,0,0,1,0,0,0,16,11,0,0,0
http://paypal.update.gyleyo.info/update,39,3,0,0,3,0,0,2,1,0,0,1,0,25,7,0,0,1
https://google.com/user/profile/settings,41,1,0,0,5,2,0,0,0,1,0,0,0,10,22,0,0,0
https://www.stackoverflow.com/help/faq,38,2,3,0,4,0,0,1,0,0,0,0,0,24,9,0,0,0
https://www.nptel.ac.in/user/profile/settings,45,3,0,0,5,0,0,0,0,1,0,0,0,15,23,0,0,0
http://mzsxe1ga7ssg2yd5mz4heill2.ml/update-sbi-update/confirm.php?id=8731,73,2,2,0,4,13,0,0,0,0,0,1,0,28,31,0,1,1
http://is.gd/7m89cz1,21,0,0,0,3,4,0,0,0,0,0,0,1,5,8,0,0,1
https://amazoniibvi.co/account/index.html,41,2,0,0,4,0,0,2,0,1,0,1,0,14,19,0,0,1
http://dog9cgeffh9apz8rp1aga34tm.click/account-hdfcbank-account/confirm.php?id=6616,83,2,2,0,4,11,0,0,0,0,0,0,0,31,37,0,1,1
https://www.linkedin.com/account/dashboard,42,2,0,0,4,0,0,0,0,1,0,0,0,16,18,0,0,0
http://sbi-confirm-secure.click/confirm/index.php,49,2,2,0,4,0,0,0,0,0,0,1,0,24,18,1,0,1
https://www.amazon.in/user/profile/settings,45,2,0,0,5,0,0,1,1,1,0,0,0,13,22,0,0,0
http://hdfcbank.login.h36mot.xyz/login,35,3,0,0,3,2,0,2,0,0,0,1,0,25,6,0,0,1
http://paypal-secure-secure.tk/secure/index.php,47,2,2,0,4,0,0,0,0,0,0,1,0,23,17,1,0,1
https://nptel.ac.in/docs/api/reference,38,2,0,0,5,0,0,1,0,1,0,0,0,9,16,0,0,0
http://4l3o9jjtzpmd72f3kd-i92et6.info/secure-google-secure/confirm.php?id=9021,78,2,3,0,4,13,0,0,0,0,0,1,0,30,33,1,1,1
http://353pm80usj77dylse33dcnf32.cf/confirm-microsoft-confirm/confirm.php?id=2235,81,2,2,0,4,15,0,0,0,0,0,1,0,28,38,0,1,1
https://www.nptel.ac.in/docs/api/reference,42,3,0,0,5,0,0,3,0,1,0,0,0,15,19,0,0,0
https://apple.com/news/today,28,3,0,0,4,0,0,0,0,1,0,0,0,9,11,0,0,0
https://github.com/blog/2024/article,36,1,0,0,5,4,0,0,0,1,0,0,0,10,18,0,0,0
http://6cj-l5ci349g4wkog1112he-x.click/suspend-hdfcbank-suspend/confirm.php?id=4830,83,0,4,0,4,14,0,0,0,0,0,0,0,31,37,1,1,1
https://www.aicte-india.org/news/today,38,2,1,0,4,0,0,1,0,0,0,0,1,18,11,1,0,0
https://www.google.com/search?q=result,38,2,0,0,3,0,0,1,0,1,0,0,0,14,7,0,1,0
http://h-nklybxgnp-a-usi8ew5di-v.xyz/confirm-netflix-confirm/confirm.php?id=3926,80,2,6,0,4,6,0,0,0,0,0,1,0,29,36,1,1,1
http://175.176.189.5/signin/amazon,34,3,0,0,4,10,0,2,1,0,0,1,0,13,14,0,0,1
http://dohco.ga/icicibank/account/account@icicibank.com/account.php,67,3,0,0,6,0,1,0,0,0,0,1,0,8,50,0,0,1
https://www.nseindia.com/help/faq,33,2,0,0,4,0,0,1,0,1,0,0,0,16,9,0,0,0
https://www.wikipedia.org/search?q=result,41,3,0,0,3,0,0,1,0,1,0,0,1,17,7,0,1,0
http://hdfcbank.verify.i4sp7q.ga/verify,39,3,0,0,3,2,0,2,0,0,0,0,0,25,7,0,0,1
https://amazonfwhyefqb.com/account/index.html,45,2,0,0,4,0,0,0,0,1,0,1,0,18,19,0,0,1
https://wikipedia.org/products,30,4,0,0,3,0,0,0,0,1,0,0,0,13,9,0,0,0
http://ywnj9f724-4796efzwmu5fvnz.cf/account-amazon-account/confirm.php?id=8113,78,2,3,0,4,13,0,2,0,0,0,1,0,28,35,1,1,1
https://microsoftlcdikgey.com/account/index.html,48,2,0,0,4,0,0,0,0,1,0,1,0,21,19,0,0,1
https://www.icicibank.com/account/lmh1t939a?ref=email&utm_id=6668,65,2,0,1,4,6,0,1,0,1,0,1,0,17,18,0,2,0
https://paypalwmxyyr.net/account/index.html,43,2,0,0,4,0,0,3,0,1,0,1,0,16,19,0,0,1
https://www.flipkart.com/user/profile/settings,46,2,0,0,5,0,0,1,0,1,0,0,1,16,22,0,0,0
http://wo8v1i05kqi66jtzyufbmpwr8.ga/verify-sbi-verify/confirm.php?id=9735,73,2,2,0,4,11,0,0,0,0,0,1,0,28,32,0,1,1
https://www.stackoverflow.com/products,38,2,0,0,3,0,0,1,0,0,0,0,0,21,9,0,0,0
https://www.stackoverflow.com/blog/2024/article,47,2,0,0,5,4,0,1,0,1,0,0,0,21,18,0,0,0
https://www.linkedin.com/account/8uyy?ref=email&utm_id=3539,59,2,0,1,4,2,0,1,0,1,0,1,1,16,13,0,2,0
http://instagram.signin.672zfb.click/signin,43,3,0,0,3,3,0,2,0,0,0,1,0,29,7,0,0,1
http://edfjs.xyz/hdfcbank/login/account@hdfcbank.com/login.php,62,3,0,0,6,0,1,0,0,0,0,1,0,9,46,0,0,1
http://google-verify-secure.top/verify/index.php,48,2,2,0,4,0,0,1,0,0,0,1,0,24,17,1,0,1
https://netflixthlynhlk.net/account/index.html,46,2,0,0,4,0,0,0,0,1,0,1,0,19,19,0,0,1
http://hdfcbank.confirm.0463na.tk/confirm,44,6,0,0,3,4,0,2,0,0,0,1,0,26,7,0,0,1
http://97.32.71.17/verify/sbi,29,3,0,0,4,8,0,2,1,0,0,0,0,11,8,0,0,1
http://r3sdudprk6s1qog3vclhovv6x.ml/confirm-amazon-confirm/confirm.php?id=8045,78,2,2,0,4,9,0,0,0,0,0,1,0,28,35,0,1,1
https://www.google.com/contact,30,2,0,0,3,0,0,3,0,1,0,0,0,14,8,0,0,0
https://www.stackoverflow.com/,32,2,0,0,3,0,0,1,0,1,0,0,0,21,1,1,0,0
https://www.flipkart.com/user/profile/settings,46,2,0,0,5,0,0,1,0,1,0,0,1,16,22,0,0,0
https://www.stackoverflow.com/docs/api/reference,48,2,0,0,5,0,0,1,0,1,0,0,0,21,19,0,0,0
https://www.google.com/signin/0jbzut?ref=email&utm_id=9029,58,5,0,1,4,5,0,1,0,1,0,1,0,14,14,0,2,0
http://uzbqz.info/netflix/update/account@netflix.com/update.php,66,3,0,0,6,0,1,0,0,0,0,1,0,10,46,0,0,1
https://www.aicte-india.org/verify/4e5h?ref=email&utm_id=8952,61,0,1,1,4,6,0,1,0,1,0,1,0,19,12,1,2,0
http://icicibank.confirm.syg91m.top/confirm,43,3,0,0,3,2,0,2,0,0,0,1,0,30,8,0,0,1
https://www.amazon.in/search?q=result,37,2,0,0,3,0,0,0,0,1,0,0,0,13,7,0,1,0
https://www.linkedin.com/about,30,2,0,0,3,2,0,1,0,1,0,0,0,16,6,0,0,0
https://www.icicibank.com/account/dashboard,43,2,0,0,4,0,0,1,0,1,0,1,0,17,18,0,0,0
http://llzuh.xyz/instagram/confirm/account@instagram.com/confirm.php,68,3,0,0,6,0,1,0,0,0,0,1,0,9,52,0,0,1
http://221.185.239.47/account/google,36,3,0,0,4,11,0,2,1,0,0,1,0,14,15,0,0,1
https://www.microsoft.com/verify/83gy1fkol?ref=email&utm_id=2577,64,2,0,1,4,7,0,1,0,1,0,1,1,17,17,1,2,0
https://www.hdfcbank.com/about,28,2,0,0,3,0,0,4,0,1,0,0,1,16,6,0,0,0
http://microsoft.login.maq3ok.tk/login,38,3,0,0,3,1,0,2,0,0,0,1,1,22,6,0,0,1
http://sbi.update.drn4or.top/update,35,3,0,0,3,1,0,2,0,0,0,1,0,21,7,0,0,1
https://galgotiasuniversity.edu.in/about,40,2,0,0,3,0,0,1,0,1,0,0,0,26,6,0,0,0
http://icicibank.verify.lhwxpb.tk/verify,40,3,0,0,3,0,0,2,0,0,0,1,0,26,7,0,0,1
http://238.59.169.54/confirm/google,35,3,3,0,4,10,0,2,1,1,0,1,0,13,15,0,0,1
https://hdfcbankrkoqyxcuh.net/account/index.html,48,2,0,0,4,0,0,0,0,1,0,1,0,21,19,0,0,1
https://www.rbi.org.in/confirm/qqb9lzs?ref=email&utm_id=5480,60,3,0,1,4,4,0,2,0,1,0,1,0,14,16,0,2,0
https://apple.com/contact,25,1,0,0,3,0,0,0,0,1,0,0,0,9,8,0,0,0
http://cutt.ly/tr5s31a,22,1,0,0,3,3,0,0,0,0,0,0,1,4,8,0,0,1
https://www.irctc.co.in/update/lpefjaws?ref=email&utm_id=4384,61,3,0,1,4,4,0,2,0,1,0,1,0,15,16,0,2,0
http://dwypf.cf/paypal/confirm/account@paypal.com/confirm.php,64,6,2,0,6,0,1,0,0,0,0,1,0,8,45,0,0,1
https://www.medium.com/search?q=result,38,2,0,0,3,0,0,1,0,1,0,0,0,16,7,0,1,0
https://www.galgotiasuniversity.edu.in/blog/2024/article,56,3,0,0,5,4,0,2,0,1,0,0,0,33,18,0,0,0
https://wikipedia.org/news/today,32,1,0,0,4,0,0,3,0,1,0,0,0,13,11,0,0,0
http://201.64.89.33/suspend/icicibank,37,3,0,0,4,9,0,0,1,0,0,1,0,12,15,0,0,1
http://qvfre.top/amazon/update/account@amazon.com/update.php,60,6,0,0,6,0,1,0,0,0,0,1,0,7,44,0,0,1
https://www.nseindia.com/docs/api/reference,43,2,0,0,5,0,0,1,0,1,0,0,0,13,19,0,0,0
http://hdfcbank.update.eqe12q.top/update,40,3,0,0,3,2,0,2,0,0,0,1,0,26,10,0,0,1
https://www.google.com/help/faq,31,2,0,0,4,0,0,1,0,1,0,0,1,14,9,0,0,0
http://amazon-account-secure.tk/account/index.php,49,2,2,0,4,0,0,0,0,0,0,1,0,24,18,1,0,1
https://www.ugc.gov.in/login/5ivrocvi?ref=email&utm_id=9967,61,3,0,1,4,5,0,2,0,0,0,1,1,14,15,0,2,0
http://215.68.217.46/confirm/sbi,33,1,0,0,4,10,0,2,0,0,0,0,0,13,13,0,0,1
https://www.irctc.co.in/update/ckt1elou83?ref=email&utm_id=4178,63,3,0,1,4,7,0,2,0,1,0,0,1,15,18,0,2,0
https://www.amazon.in/docs/api/reference,40,2,0,0,5,0,0,0,0,1,0,0,0,13,21,0,0,0
http://12.245.214.127/update/netflix,36,3,0,0,4,11,0,2,1,0,0,1,0,14,15,0,0,1
https://www.amazon.in/contact,29,2,0,0,3,0,0,2,0,0,0,0,0,13,6,0,0,0
http://instagram.signin.b38wxg.click/signin,43,3,0,0,3,2,0,2,0,0,0,1,0,29,7,0,0,1
http://onrgq.tk/microsoft/suspend/account@microsoft.com/suspend.php,67,3,1,0,6,0,1,0,0,0,0,1,0,8,51,0,0,1
http://is.gd/ykBlxa8,20,1,0,0,3,1,0,0,0,1,0,0,1,5,8,0,0,1
http://fc9ip4ud4abeg2cj9pnozlohp.click/verify-paypal-verify/confirm.php?id=8838,79,2,2,0,4,9,0,0,0,0,0,1,0,31,33,1,1,1
https://www.flipkart.com/account/dashboard,39,2,0,0,4,0,0,0,0,1,0,1,1,16,18,0,0,0
http://catiw.click/hdfcbank/secure/account@hdfcbank.com/secure.php,66,2,0,0,6,0,1,0,0,0,0,1,0,11,48,0,0,1
http://amazon.update.9sm7vn.click/update,38,3,0,0,3,5,0,2,0,0,0,1,0,26,4,0,0,1
https://amazonnygwrgirq.co/account/index.html,45,2,0,0,4,0,0,0,1,1,0,1,0,18,19,0,0,1
https://paypalpfngl.net/account/index.html,42,2,0,0,4,0,0,0,0,1,0,1,1,15,19,1,0,1
https://www.ugc.gov.in/confirm/0thhzy7ez?ref=email&utm_id=3913,62,3,0,1,4,6,0,2,0,1,0,1,0,14,18,0,2,0
http://cutt.ly/inxj00b,22,1,0,0,3,2,0,0,0,0,0,0,1,7,8,0,0,1
https://www.irctc.co.in/contact,31,3,0,0,3,0,0,4,0,1,0,0,0,15,8,0,0,0
https://apple.com/help/faq,28,1,0,0,4,0,0,0,0,1,0,0,0,9,9,0,0,0
https://www.amazon.in/help/faq,30,2,0,0,4,0,0,1,0,1,0,0,0,13,11,0,0,0
https://www.apple.com/blog/2024/article,39,2,0,0,5,4,0,1,1,1,0,0,0,13,18,0,0,0
http://instagram-secure-secure.ga/secure/index.php,50,2,2,0,4,0,0,1,0,0,0,1,0,26,17,1,0,1
https://www.nseindia.com/user/profile/settings,46,2,0,0,5,0,0,1,0,1,0,0,0,16,22,0,0,0
https://www.stackoverflow.com/search?q=result,45,2,0,0,3,0,0,1,0,1,0,0,0,19,7,0,1,0
http://hdfcbank-update-secure.ga/update/index.php,49,2,0,0,4,0,0,0,0,0,0,1,0,25,17,1,0,1
https://www.irctc.co.in/account/dashboard,41,3,0,0,4,0,0,2,0,1,0,1,0,15,18,0,0,0
http://52.103.85.17/signin/microsoft,34,4,0,0,4,9,0,2,1,1,0,0,0,12,17,0,0,1
http://sbi.verify.pjhsg0.top/verify,35,3,0,0,3,1,0,2,0,0,0,1,0,21,7,0,0,1
https://www.hdfcbank.com/suspend/kmby9ipa2?ref=email&utm_id=2960,64,2,0,1,4,6,0,1,0,1,0,1,1,16,18,0,2,0
https://nseindia.com/account/dashboard,38,1,0,0,4,0,0,0,0,1,0,0,0,12,18,0,0,0
https://www.medium.com/news/today,33,2,0,0,4,0,0,1,0,1,0,0,0,14,10,0,0,0
http://tinyurl.com/E6dwqpn,26,1,0,0,3,4,0,0,0,0,0,0,1,11,8,0,0,1
https://www.medium.com/docs/api/reference,41,2,0,0,5,0,0,4,0,1,0,1,1,12,19,0,0,0
https://www.github.com/login/4mskyvk7n?ref=email&utm_id=1504,60,2,0,1,4,6,0,1,0,1,0,1,0,14,16,0,2,0
https://icicibank.com/user/profile/settings,43,1,0,0,5,0,0,0,1,1,0,0,0,13,22,0,0,0
http://1jdcmi7-89w1bjwlon9uvjs86.info/signin-amazon-signin/confirm.php?id=3161,78,2,3,0,4,12,0,0,0,0,0,1,0,30,33,1,1,1
http://26.245.163.237/update/netflix,36,3,0,0,4,8,0,2,1,0,0,1,0,14,15,0,0,1
http://vbdeb.ml/paypal/login/account@paypal.com/login.php,57,3,0,0,6,0,1,0,0,0,0,1,0,8,41,0,0,1
https://www.apple.com/search?q=result,37,2,0,0,3,0,0,1,0,1,0,0,0,13,7,0,1,0
http://206.156.206.130/account/instagram,40,3,0,0,4,12,0,2,1,0,0,1,0,15,18,0,0,1
http://130.252.38.148/signin/microsoft,38,4,0,0,4,11,0,2,1,0,0,1,0,14,17,0,0,1
https://linkedin.com/,19,0,0,0,3,0,0,0,0,1,0,0,0,12,1,0,0,0
https://www.google.com/login/ssnh2odp?ref=email&utm_id=5155,59,5,0,1,4,5,0,1,0,1,0,1,1,14,15,0,2,0
https://apple.com/help/faq,26,0,0,0,4,0,0,0,0,1,0,0,0,9,7,0,0,0
https://ugc.gov.in/,19,2,0,0,3,0,0,1,0,1,0,0,1,10,1,1,0,0
http://64.196.143.167/verify/sbi,32,3,2,0,4,11,0,2,1,0,0,1,0,14,11,0,0,1
https://www.github.com/search?q=result,38,2,0,0,3,0,0,1,0,1,0,1,0,14,7,1,1,0
http://microsoft-secure-secure.ga/secure/index.php,50,2,2,0,4,0,0,0,0,0,0,0,0,26,20,1,0,1
https://www.wikipedia.org/account/dashboard,43,2,0,0,4,0,0,1,0,1,0,1,0,17,15,0,0,0
https://www.google.com/,23,2,0,0,3,2,0,4,0,1,0,0,0,14,1,0,0,0
http://107.45.143.119/update/microsoft,38,3,0,0,4,11,0,2,0,0,0,1,0,14,17,0,0,1
http://amazon-update-secure.click/update/index.php,50,3,2,0,4,0,0,0,0,0,0,0,1,26,17,1,0,1
https://sbiyqstyzuw.com/account/index.html,42,2,0,0,4,0,0,3,0,1,0,1,1,15,19,0,0,1
https://github.com/account/dashboard,36,1,0,0,4,0,0,0,0,0,0,1,0,10,18,0,0,0
https://aicte-india.org/account/dashboard,41,1,1,0,4,0,0,2,0,1,0,1,0,15,18,1,0,0
http://is.gd/GGtdxf9,20,1,0,0,3,1,0,0,0,0,0,0,1,5,8,0,0,1
https://icicibankcthtvo.co/account/index.html,45,2,0,0,4,0,0,1,0,1,0,1,0,18,18,0,0,1
https://www.aicte-india.org/about,33,2,1,0,3,0,0,1,0,1,0,0,0,19,7,1,0,0
http://zifxu.ga/instagram/account/account@instagram.com/account.php,67,3,0,0,6,0,1,0,0,0,0,1,0,8,52,0,0,1
http://233.142.169.77/update/instagram,38,6,0,0,4,14,0,2,0,0,0,1,0,14,17,1,0,1
http://25.194.11.35/suspend/icicibank,37,3,0,0,4,9,0,2,1,1,0,1,0,9,18,0,0,1
https://linkedin.com/blog/2024/article,38,1,0,0,5,5,0,0,0,1,0,0,0,11,18,0,0,0
https://www.galgotiasuniversity.edu.in/about,44,3,0,0,3,0,0,2,1,1,0,0,0,30,6,0,0,0
https://www.ugc.gov.in/search?q=result,38,3,0,0,3,0,0,2,0,1,0,0,0,14,7,0,1,0
https://www.irctc.co.in/news/today,34,3,0,0,4,0,0,2,0,1,0,1,0,15,11,0,0,0
https://github.com/news/today,29,1,0,0,4,0,0,0,1,1,0,0,0,10,11,0,0,0
http://yypcp1e37s2059egp26ca90jt.click/login-netflix-login/confirm.php?id=8454,78,2,2,0,4,17,0,0,0,0,0,1,1,31,32,0,1,1
https://googleotfzu.net/account/index.html,42,2,0,0,4,0,0,0,0,1,0,1,0,15,19,0,0,1
http://cutt.ly/sgpckf3,22,1,0,0,3,4,0,0,0,0,0,1,1,7,8,0,0,1
http://cutt.ly/300xa82,19,1,0,0,3,5,0,0,0,0,0,0,1,7,8,0,0,1
https://sbixlhwjbog.com/account/index.html,41,2,0,0,4,0,0,0,0,1,0,1,0,15,19,0,0,1
http://111.119.41.16/login/sbi,30,3,0,0,4,10,0,2,1,0,0,1,0,16,10,0,0,1
https://www.aicte-india.org/update/3uy8u118?ref=email&utm_id=8517,63,2,1,1,4,9,0,1,0,0,0,1,0,19,16,1,2,0
https://www.microsoft.com/contact,33,2,0,0,3,0,0,1,0,1,0,0,1,17,8,0,0,0
http://184.99.32.3/suspend/paypal,31,3,0,0,4,8,0,2,1,0,0,1,0,11,12,0,0,1
http://102.181.151.250/signin/hdfcbank,38,3,0,0,4,12,0,2,1,0,0,1,0,15,16,0,0,1
https://www.medium.com/contact,30,2,0,0,3,0,0,1,0,1,0,1,0,14,8,0,0,0
http://vldkg.top/microsoft/signin/account@microsoft.com/signin.php,66,3,0,0,6,0,1,0,0,0,0,1,0,9,50,0,0,1
http://qu9fhv-2c33-hha2pjgfkd6qp.ga/verify-netflix-verify/confirm.php?id=4507,77,2,4,0,4,11,0,0,0,0,0,1,0,28,34,1,1,1
http://is.gd/tkB42ku,20,4,0,0,3,1,0,0,0,0,0,0,1,5,8,0,0,1
https://www.medium.com/help/faq,32,2,0,0,4,0,0,1,0,1,0,0,0,14,9,0,0,0
http://hdfcbank-verify-secure.ga/verify/index.php,49,2,2,0,4,0,0,0,0,0,0,1,0,25,17,1,0,1
http://bmtan.tk/paypal/signin/account@paypal.com/signin.php,59,3,0,0,6,0,1,0,0,0,0,1,1,9,44,0,0,1
https://www.amazon.in/secure/094d6rupw?ref=email&utm_id=6875,60,2,0,1,4,8,0,1,0,1,0,1,0,13,17,0,2,0
http://hdfcbank-secure-secure.top/secure/index.php,50,2,2,0,4,0,0,0,0,0,0,1,0,26,17,1,0,1
http://microsoft.secure.hhgy8n.info/secure,42,3,0,0,3,0,0,5,0,0,0,1,1,28,10,0,0,1
http://icicibank-update-secure.ml/update/index.php,47,2,2,0,4,0,0,0,0,0,0,1,0,26,17,1,0,1
http://243.80.215.17/confirm/google,35,3,0,0,4,10,0,2,1,0,0,1,0,13,15,0,0,1
http://134.132.189.238/confirm/netflix,38,3,0,0,4,12,0,2,0,0,0,1,0,15,17,0,0,1
http://170.194.253.154/confirm/amazon,37,3,3,0,4,12,0,2,1,0,0,1,0,15,15,0,0,1
http://pzo2tma38f9mxww6-hotgevq7.ml/confirm-google-confirm/confirm.php?id=2527,78,2,3,0,4,10,0,0,0,0,0,1,0,28,35,1,1,1
http://cutt.ly/skk1ozz,22,1,2,0,3,1,0,0,0,0,0,0,1,7,8,0,0,1
https://nseindia.com/help/faq,28,1,0,0,4,2,0,0,0,1,0,0,0,12,9,0,0,0
https://www.stackoverflow.com/products,38,4,0,0,3,0,0,1,0,1,0,1,0,21,9,0,0,0
https://paypaldokqnhvhi.net/account/index.html,46,2,0,0,4,0,0,0,0,1,0,1,0,19,18,0,0,1
http://is.gd/Asgt0bj,20,1,0,0,3,1,0,0,0,0,0,0,0,5,11,0,0,1
https://www.icicibank.com/docs/api/reference,44,2,0,0,5,0,0,1,0,1,0,0,0,17,19,1,0,0
https://www.google.com/products,31,2,0,0,3,0,0,1,0,1,0,0,0,14,9,0,0,0
https://www.stackoverflow.com/user/profile/settings,50,2,0,0,5,0,0,1,0,1,0,0,0,21,22,1,0,0
https://www.galgotiasuniversity.edu.in/user/profile/settings,60,3,0,0,5,0,0,2,0,1,0,0,0,30,22,0,0,0
https://ugc.gov.in/account/dashboard,33,2,0,0,4,0,0,1,0,1,0,1,0,12,18,0,0,0
https://www.microsoft.com/about,31,2,0,0,3,0,0,1,0,1,0,0,1,17,6,0,0,0
https://www.amazon.in/blog/2024/article,39,2,0,0,5,4,0,1,0,1,0,0,0,13,18,1,0,0
https://www.flipkart.com/search?q=result,40,2,0,0,3,0,0,1,0,1,0,1,0,16,7,0,1,0
http://paypal-signin-secure.ga/signin/index.php,47,2,2,0,4,0,0,0,0,0,0,0,0,23,17,1,0,1
https://microsoft.com/blog/2024/article,42,1,0,0,5,4,0,1,0,1,0,0,1,13,18,0,0,0
https://www.medium.com/secure/xuyhe?ref=email&utm_id=9582,57,2,0,1,4,4,0,1,0,0,0,1,1,13,13,0,2,0
https://amazon.in/user/profile/settings,39,0,0,0,5,0,0,0,0,1,0,1,0,9,22,0,0,0
https://www.amazon.in/about,25,2,0,0,3,0,0,1,0,1,0,0,1,14,6,0,0,0
http://bit.ly/noz4f70,21,1,0,0,3,3,0,0,0,0,0,0,1,9,8,0,0,1
https://www.linkedin.com/docs/api/reference,43,2,0,0,5,0,0,1,0,1,0,1,0,16,19,0,0,0
http://nw5f1te3j514cogu3hessnun5.ga/suspend-hdfcbank-suspend/confirm.php?id=7443,80,2,2,0,4,9,0,0,0,0,0,1,0,27,37,0,1,1
https://icicibankklnmwun.com/account/index.html,47,2,0,0,4,0,0,0,0,1,0,1,0,17,21,0,0,1
https://www.linkedin.com/,25,3,0,0,3,0,0,1,0,1,0,0,0,16,1,0,0,0
https://www.ugc.gov.in/about,28,3,0,0,3,0,0,2,0,1,0,0,0,14,6,0,0,0
https://www.wikipedia.org/blog/2024/article,43,2,1,0,5,4,0,0,0,1,0,0,0,17,21,0,0,0
http://google-account-secure.ga/account/index.php,49,2,4,0,4,0,0,0,0,0,0,1,0,24,18,1,0,1
https://www.linkedin.com/signin/qgvzhq?ref=email&utm_id=5097,59,2,0,1,4,4,0,0,0,1,0,1,0,13,14,0,2,0
https://www.stackoverflow.com/about,35,2,0,0,3,0,0,4,0,1,0,0,0,21,6,0,0,0
https://www.ugc.gov.in/blog/2024/article,40,3,0,0,5,4,0,2,0,1,0,0,0,14,18,0,0,0
https://googlekinkn.co/account/index.html,41,2,0,0,4,0,0,0,0,0,0,1,0,14,19,0,0,1
https://www.amazon.in/contact,29,2,0,0,3,0,0,1,0,1,0,0,0,13,6,0,0,0
http://971pz3wg-463r5duad5wugzbg.click/confirm-microsoft-confirm/confirm.php?id=4591,84,2,1,0,4,13,0,0,0,0,0,1,0,31,38,1,1,1
https://flipkart.com/user/profile/settings,42,1,0,0,5,0,0,0,0,1,0,0,1,12,22,0,0,0
http://73.85.204.184/confirm/amazon,33,3,0,0,4,10,0,0,1,0,0,1,0,13,15,0,0,1
https://instagramiflbm.co/account/index.html,44,2,0,0,4,0,0,0,0,1,0,1,0,17,19,0,0,1
http://r3q7xcx9afnoe7x1jd4wvrs7c.ml/verify-hdfcbank-verify/confirm.php?id=3879,78,2,2,0,4,11,0,0,0,0,0,1,0,28,35,0,1,1
http://zcomwibzyfggk93p6zro2wodg.cf/signin-icicibank-signin/confirm.php?id=2637,79,2,2,0,4,8,0,0,0,0,0,1,0,28,36,0,1,1
http://5aba0d95wg27286ibjvbi7mhh.info/confirm-netflix-confirm/confirm.php?id=1107,81,2,2,0,4,14,0,0,0,0,0,0,0,27,36,0,1,1
https://amazonjnzdn.co/account/index.html,40,2,0,0,4,0,0,0,1,1,0,1,0,14,19,0,0,1
https://paypallypmt.co/account/index.html,41,2,0,0,4,0,0,0,0,1,0,1,1,14,19,0,0,1
http://7lj863h81zb8radi6vuj0r1fc.tk/update-paypal-update/confirm.php?id=7183,76,2,2,0,4,14,0,0,0,0,0,1,0,28,33,0,1,1
https://www.nptel.ac.in/blog/2024/article,41,3,0,0,5,4,0,2,0,1,0,0,0,15,18,0,0,0
https://www.linkedin.com/docs/api/reference,43,2,0,0,5,0,0,1,0,1,0,0,0,16,19,0,0,0
https://www.github.com/about,28,2,0,0,3,0,0,1,0,1,0,0,0,14,6,1,0,0
https://www.ugc.gov.in/search?q=result,38,3,0,0,3,0,0,0,0,1,0,0,0,14,7,1,1,0
https://www.aicte-india.org/help/faq,36,2,1,0,4,0,0,1,0,1,0,0,1,19,9,1,0,0
https://www.google.com/blog/2024/article,40,2,0,0,5,4,0,1,0,1,0,0,0,14,18,1,0,0
http://is.gd/b4tczps,20,1,0,0,3,1,0,0,0,0,0,0,1,5,8,0,0,1
https://www.flipkart.com/user/profile/settings,46,2,0,0,5,0,0,1,0,1,0,0,1,16,22,0,0,0
https://www.nptel.ac.in/contact,31,3,0,0,3,0,0,2,0,1,0,0,0,15,9,0,0,0
https://www.irctc.co.in/confirm/ofmmwi9?ref=email&utm_id=9212,61,3,0,1,4,5,0,2,0,1,0,1,0,15,16,0,2,0
https://paypallrqcm.com/account/index.html,42,3,0,0,4,0,0,0,0,1,0,1,0,15,19,0,0,1
https://www.apple.com/docs/api/reference,40,2,0,0,5,0,0,1,0,1,0,0,0,13,19,0,0,0
http://hdfcbank.suspend.dwvcw5.cf/suspend,41,3,0,0,3,4,0,2,0,0,0,1,0,26,8,0,0,1
https://github.com/search?q=result,32,0,0,0,3,0,0,0,0,1,0,0,0,7,7,0,1,0
https://www.apple.com/verify/fdw79?ref=email&utm_id=1983,54,2,0,1,4,9,0,1,0,1,0,0,0,13,13,1,2,0
http://sbi.account.tamy74.ml/account,36,3,0,0,3,2,0,2,0,0,0,1,0,21,8,0,0,1
https://www.rbi.org.in/search?q=result,38,5,0,0,3,0,0,2,0,1,0,0,0,14,7,0,1,0
http://yhmeg.tk/netflix/signin/account@netflix.com/signin.php,61,3,0,0,6,0,1,0,0,0,0,1,0,8,46,0,0,1
http://amazon.login.9fq9te.cf/login,35,3,0,0,3,2,0,2,0,0,0,0,1,22,6,0,0,1
http://unfjo.xyz/hdfcbank/signin/account@hdfcbank.com/signin.php,64,6,0,0,6,1,1,0,0,0,0,1,0,9,48,0,0,1
http://paypal-update-secure.ga/update/index.php,47,2,2,0,4,0,0,0,0,1,0,1,0,23,17,1,0,1
http://zyxhd.xyz/sbi/login/account@sbi.com/login.php,53,3,0,0,6,0,1,0,0,0,0,1,0,9,38,0,0,1
https://irctc.co.in/account/dashboard,37,2,0,0,4,0,0,1,0,1,0,1,0,11,18,0,0,0
http://crwr0mf5v5i2j5r51e0g0gxrd.click/signin-google-signin/confirm.php?id=2228,79,2,2,0,4,13,0,3,0,0,0,1,0,31,33,0,1,1
https://stackoverflow.com/search?q=result,41,1,0,0,3,3,0,0,0,1,0,0,0,17,7,0,1,0
https://wikipedia.org/,22,1,0,0,3,0,0,0,0,1,0,0,0,13,1,0,0,0
http://ryapu.click/amazon/secure/account@amazon.com/secure.php,62,3,0,0,6,0,1,0,0,0,0,1,0,11,47,0,0,1
https://www.ugc.gov.in/,24,3,0,0,3,0,0,2,0,1,0,0,0,16,1,0,0,0
http://hdfcbank-signin-secure.top/signin/index.php,50,2,2,0,4,0,0,0,0,0,0,1,0,26,17,1,0,1
http://cutt.ly/kBpd3wB,22,1,2,0,3,1,0,3,0,0,0,0,1,7,8,0,0,1
https://google.com/blog/2024/article,36,1,0,0,5,7,0,0,0,1,0,1,0,10,18,0,0,0
https://stackoverflow.com/help/faq,34,1,0,0,4,0,0,0,0,1,0,0,0,17,9,0,0,0
https://www.hdfcbank.com/contact,32,2,0,0,3,0,0,1,0,1,0,0,0,16,8,0,0,0
http://wskky.top/google/suspend/account@google.com/suspend.php,62,3,0,0,6,0,1,0,0,0,0,1,0,9,46,0,0,1
https://www.amazon.in/,22,2,0,0,3,0,0,1,0,1,0,0,0,13,1,1,0,0
https://github.com/help/faq,27,1,0,0,4,0,0,0,0,1,0,0,0,10,9,0,0,0
http://icicibank.login.en00bg.xyz/login,42,3,0,0,3,0,0,2,0,0,0,1,0,26,6,0,0,1
http://psdfi.info/instagram/account/account@instagram.com/account.php,66,3,0,0,6,0,1,0,0,0,0,1,0,10,52,0,0,1
https://flipkart.com/search?q=result,36,1,0,0,3,0,0,0,0,1,0,0,1,12,7,1,1,0
http://amazon.confirm.laacos.top/confirm,39,3,0,0,3,0,0,2,0,0,0,1,0,25,8,0,0,1
https://www.nseindia.com/secure/1bl08?ref=email&utm_id=5731,59,2,0,1,4,7,0,1,0,1,0,1,0,14,13,0,2,0
https://aicte-india.org/about,29,1,1,0,3,0,0,0,0,1,0,0,0,15,6,1,0,0
https://icicibank.com/search?q=result,37,1,0,0,3,0,0,0,0,0,0,0,0,13,7,0,1,0
https://irctc.co.in/docs/api/reference,38,2,0,0,5,0,0,1,0,1,0,0,0,11,19,0,0,0
https://www.amazon.in/user/profile/settings,43,4,0,0,5,0,0,1,0,1,0,0,0,13,22,0,0,0
http://hdfcbank-login-secure.xyz/login/index.php,48,4,2,0,4,0,0,0,0,1,0,1,0,25,16,1,0,1
http://amazon-secure-secure.xyz/secure/index.php,48,2,4,0,4,0,0,0,0,0,0,1,0,24,15,1,0,1
https://icicibank.com/about,27,1,0,0,3,0,0,0,0,0,0,0,0,13,6,0,0,0
http://sbi-update-secure.click/update/index.php,49,2,2,0,4,0,0,0,0,0,0,0,0,23,17,1,0,1
https://irctc.co.in/docs/api/reference,41,2,0,0,5,0,0,0,0,1,0,0,0,8,19,0,0,0
https://www.aicte-india.org/user/profile/settings,46,2,1,0,5,0,0,1,0,1,0,0,0,22,22,1,0,0
http://lmkui.cf/paypal/suspend/account@paypal.com/suspend.php,61,3,0,0,6,0,1,0,0,0,0,0,0,8,46,0,0,1
https://www.icicibank.com/blog/2024/article,43,2,0,0,5,4,0,1,0,1,0,0,0,17,18,0,0,0
http://162.134.96.7/account/paypal,34,3,0,0,4,9,0,2,1,0,0,1,0,12,15,0,0,1
https://nptel.ac.in/blog/2024/article,37,2,0,0,5,4,0,0,0,1,0,0,0,11,20,0,0,0
http://152.174.60.46/signin/sbi,28,3,0,0,4,10,0,2,1,0,0,1,0,13,8,0,0,1
https://www.irctc.co.in/help/faq,32,3,0,0,4,0,0,5,0,1,0,0,0,15,9,0,0,0
https://www.wikipedia.org/blog/2024/article,43,2,2,0,5,4,0,1,1,1,0,0,0,17,18,1,0,0
https://www.icicibank.com/products,34,2,0,0,3,0,0,4,0,1,0,0,0,17,9,0,0,0
http://9nk6g30nugh60yrl35s9t7aie.cf/secure-microsoft-secure/confirm.php?id=4955,79,2,2,0,4,14,0,0,0,0,0,0,0,28,36,0,1,1
https://www.nseindia.com/blog/2024/article,44,2,0,0,5,4,0,1,0,1,0,0,0,16,18,0,0,0
http://microsoft.account.eokvg0.tk/account,41,3,0,0,3,0,0,2,0,0,0,1,0,27,8,0,0,1
http://google-account-secure.xyz/account/index.php,50,2,1,0,4,0,0,0,0,0,0,1,0,25,19,1,0,1
https://irctc.co.in/,20,0,0,0,3,0,0,1,0,1,0,0,0,11,1,0,0,0
https://www.apple.com/news/today,32,2,0,0,4,0,0,1,0,1,0,0,0,13,11,0,0,0
http://bit.ly/yvAydmc,21,4,0,0,3,0,0,0,0,0,0,0,1,6,8,1,0,1
http://wtgxe.click/hdfcbank/secure/account@hdfcbank.com/secure.php,66,3,0,0,6,0,1,1,1,0,0,1,0,11,48,0,0,1
http://microsoft-account-secure.xyz/account/index.php,53,2,3,0,4,0,0,0,0,0,0,1,0,28,18,1,0,1
http://-ptp2lrtsnk0dsoq1z5ip-p57.cf/secure-hdfcbank-secure/confirm.php?id=8793,78,5,4,0,4,10,0,0,0,0,0,1,0,28,35,1,1,1
http://bit.ly/fzGvepg,21,1,0,0,3,0,0,0,0,0,0,0,1,6,8,0,0,1
http://tinyurl.com/fe4hhvl,26,1,0,0,3,1,0,0,0,0,0,1,1,11,8,0,0,1
http://bit.ly/qb9zGx3,21,1,1,0,3,1,0,0,0,0,0,0,1,6,8,0,0,1
https://www.galgotiasuniversity.edu.in/search?q=result,52,3,0,0,3,0,0,5,0,1,0,0,0,30,7,0,1,0
https://medium.com/account/dashboard,36,1,0,0,4,0,0,0,0,1,0,1,0,10,18,0,0,0
http://xwmse.ml/paypal/verify/account@paypal.com/verify.php,59,3,0,0,6,0,1,0,0,0,0,1,0,8,44,0,0,1
https://www.medium.com/account/dashboard,42,2,0,0,4,0,0,1,0,0,0,1,0,14,18,0,0,0
http://cdshg.ml/microsoft/update/account@microsoft.com/update.php,68,3,0,0,6,0,1,0,0,1,0,0,1,8,50,0,0,1
https://amazonnjbmbpjz.co/account/index.html,44,2,0,0,4,0,0,0,0,1,0,1,0,17,19,0,0,1
http://ske6m1sxxkquq37zqng7ooh2y.ga/signin-amazon-signin/confirm.php?id=1429,76,2,2,0,4,10,0,0,0,0,0,1,0,28,33,0,1,1
http://sbi.update.aegvfq.ga/update,34,3,0,0,3,0,0,2,0,0,0,1,0,20,7,1,0,1
https://www.amazon.in/,22,2,0,0,3,0,0,1,0,1,0,0,0,10,1,0,0,0
http://microsoft.signin.1pvlnd.cf/signin,37,3,0,0,3,1,0,2,0,0,0,1,0,26,7,0,0,1
https://nseindia.com/products,29,1,0,0,3,0,0,0,0,1,0,0,0,10,9,0,0,0
https://www.github.com/news/today,33,2,0,0,4,0,0,1,0,1,0,0,0,15,11,0,0,0
http://instagram.verify.7pq4dd.tk/verify,39,3,0,0,3,2,0,2,0,0,0,1,0,26,7,0,0,1
http://5tbrtqj4kji2nq1ei16nns7yw.xyz/signin-instagram-signin/confirm.php?id=8355,80,2,2,0,4,11,0,0,1,0,0,1,0,29,36,1,1,1
http://smbsg.info/paypal/verify/account@paypal.com/verify.php,61,3,0,0,6,0,1,3,0,1,0,1,0,10,44,0,0,1
http://icicibank.verify.4xaic0.click/verify,43,3,0,0,3,2,0,2,0,0,0,1,0,29,7,0,0,1
http://224.250.214.72/suspend/icicibank,39,3,0,0,4,11,0,2,1,0,0,1,0,14,20,0,0,1
http://icicibank.confirm.t69wwp.ga/confirm,42,3,0,0,3,2,0,2,0,0,0,1,0,27,8,0,0,1
http://123.191.18.100/signin/icicibank,38,3,0,0,4,11,0,2,1,0,0,1,0,14,17,0,0,1
http://paypal.update.87q19u.cf/update,37,3,0,0,3,4,0,2,1,0,0,1,1,23,7,0,0,1
https://aicte-india.org/,24,1,1,0,3,0,0,0,0,1,0,0,0,15,1,1,0,0
https://google.com/search?q=result,34,1,0,0,3,0,0,0,0,1,0,0,0,10,7,0,1,0
http://cutt.ly/a7onjl0,22,1,0,0,3,2,0,0,0,0,0,0,1,7,8,0,0,1
https://www.irctc.co.in/docs/api/reference,42,3,1,0,5,0,0,5,0,1,0,0,0,17,20,0,0,0
http://bit.ly/36qFhCa,21,1,0,0,3,4,0,0,0,0,0,0,0,6,8,1,0,1
https://amazon.in/,20,1,0,0,3,0,0,0,0,1,0,0,0,9,1,0,0,0
https://www.github.com/news/today,33,2,0,0,4,0,0,1,0,1,0,0,0,14,11,0,0,0
http://hdfcbank.secure.46z7wq.info/secure,41,3,0,0,3,3,0,2,0,0,0,1,1,25,7,0,0,1
http://tinyurl.com/nacoug2,26,1,0,0,3,1,0,0,0,0,0,0,1,11,8,0,0,1
https://www.galgotiasuniversity.edu.in/help/faq,47,3,0,0,4,0,0,2,0,1,0,0,0,30,9,0,0,0
https://www.amazon.in/products,30,3,0,0,3,0,0,1,0,1,0,0,0,13,9,0,0,0
http://cutt.ly/94h6poz,22,1,0,0,3,3,0,0,0,0,0,0,1,7,8,0,0,1
http://22.227.162.113/suspend/google,36,4,0,0,4,11,0,2,1,0,0,1,0,14,15,0,0,1
https://sbiwsksiqjh.com/account/index.html,42,2,0,0,4,0,0,0,0,1,0,1,0,15,19,0,0,1
http://tinyurl.com/d6dDcd7,26,0,0,0,3,2,0,0,0,1,0,0,1,11,8,0,0,1
http://cutt.ly/zkpj7gr,22,0,0,0,3,0,0,0,0,0,0,0,1,7,8,0,0,1
http://microsoft.login.97pwdb.ga/login,38,3,0,0,3,2,0,2,0,0,0,1,0,25,6,0,0,1
http://hdfcbank.confirm.jeqa2o.click/confirm,44,3,0,0,3,1,0,2,0,0,0,1,0,29,8,0,0,1
http://144.90.31.88/update/sbi,30,3,0,0,4,9,0,2,1,0,0,1,0,12,11,0,0,1
http://100.207.49.140/secure/google,32,3,0,0,4,10,0,2,1,1,0,1,1,14,14,0,0,1
http://tmnxb.click/hdfcbank/secure/account@hdfcbank.com/secure.php,66,3,0,0,6,0,1,0,0,0,0,1,1,11,48,0,0,1
http://microsoft-update-secure.tk/update/index.php,50,2,0,0,4,0,0,0,0,0,0,0,0,26,17,1,0,1
http://cutt.ly/nhg2F9j,23,1,0,0,3,2,0,0,0,0,0,0,1,7,8,0,0,1
https://www.aicte-india.org/account/dashboard,45,2,1,0,4,1,0,1,0,1,0,1,0,19,18,1,0,0
https://www.microsoft.com/blog/2024/article,43,2,0,0,5,4,0,1,0,1,0,0,1,19,18,0,0,0
https://www.stackoverflow.com/account/dashboard,44,2,0,0,4,0,0,3,0,1,0,1,0,24,18,0,0,0
http://microsoft-update-secure.cf/update/index.php,50,2,2,0,4,0,0,0,0,0,0,1,0,26,17,1,0,1
http://qxsgp.ml/sbi/update/account@sbi.com/update.php,53,3,0,0,6,0,1,0,0,0,0,1,0,8,38,0,0,1
http://tinyurl.com/fqoEwq5,25,1,0,0,3,1,0,0,0,0,0,0,1,11,8,0,0,1
https://amazonsikfyp.net/account/index.html,43,2,0,0,4,0,0,0,0,1,0,1,0,16,19,0,0,1
https://www.github.com/help/faq,31,2,0,0,4,2,0,1,0,1,0,0,0,14,9,0,0,0
http://icicibank.account.wjhbae.xyz/account,44,3,0,0,3,0,0,2,0,0,0,1,0,29,6,0,0,1
http://knwfm.xyz/instagram/account/account@instagram.com/account.php,68,3,0,0,6,0,1,0,0,0,0,1,0,9,52,0,0,1
http://microsoft.confirm.i01rv1.click/confirm,45,0,0,0,3,3,0,2,1,0,0,1,0,30,8,0,0,1
http://0jbwcv7iwe9dwn2x3gegkycq-.ml/confirm-netflix-confirm/confirm.php?id=7995,79,2,3,0,4,9,0,0,0,0,0,1,0,28,36,1,1,1
https://hdfcbankcvyucod.com/account/index.html,46,2,0,0,4,0,0,0,0,1,0,1,0,19,19,0,0,1
https://www.github.com/suspend/e37qqyzq?ref=email&utm_id=4796,61,4,0,1,4,6,0,1,0,1,0,0,0,14,17,0,2,0
https://nseindia.com/,21,1,0,0,3,0,0,0,0,1,0,0,0,9,1,0,0,0
http://35.184.105.203/suspend/sbi,33,1,0,0,4,11,0,2,0,0,0,1,0,14,12,0,0,1
http://is.gd/B56EmAq,20,1,0,0,3,2,0,0,0,1,0,0,1,5,8,0,0,1
http://microsoft.secure.w590z9.info/secure,42,3,0,0,3,4,0,2,0,0,0,1,0,28,7,0,0,1
http://cutt.ly/oop1z4G,23,1,0,0,3,0,0,0,0,0,0,1,1,7,8,0,0,1
http://9j0ijbco9keahezpmqfxen-ot.xyz/secure-icicibank-secure/confirm.php?id=5506,80,2,3,0,4,4,0,0,0,0,0,1,0,29,36,1,1,1
https://www.wikipedia.org/user/profile/settings,47,2,0,0,5,0,0,1,0,1,0,0,0,17,22,0,0,0
https://linkedin.com/search?q=result,37,1,0,0,3,0,0,0,0,1,0,0,0,12,7,0,1,0
http://icicibank.secure.5l6bsp.click/secure,43,3,0,0,3,2,0,3,0,0,0,1,0,29,7,0,0,1
http://nkwrs.click/google/update/account@google.com/update.php,62,3,0,0,6,0,1,0,0,0,0,1,0,11,44,0,0,1
http://paypal-account-secure.ga/account/index.php,49,5,2,0,4,0,0,0,0,0,0,1,0,24,18,1,0,1
https://www.icicibank.com/blog/2024/article,43,2,0,0,5,4,0,1,0,1,0,0,0,17,18,0,0,0
https://www.medium.com/verify/1hm3?ref=email&utm_id=5783,56,2,0,1,4,6,0,1,0,1,0,1,0,12,9,1,2,0
http://30.29.98.104/verify/hdfcbank,35,3,0,0,4,9,0,2,1,0,0,1,0,12,16,0,0,1
https://www.amazon.in/user/profile/settings,43,2,0,0,5,0,0,1,0,1,0,0,0,13,22,0,0,0
https://www.flipkart.com/,25,2,0,0,3,0,0,1,1,1,0,1,1,16,1,0,0,0
http://cutt.ly/A8eh0g4,22,1,0,0,3,3,0,0,0,0,0,0,1,9,8,0,0,1
http://is.gd/iscjzjG,20,1,0,0,3,0,0,0,0,0,0,0,1,2,8,0,0,1
http://tinyurl.com/om7DcEh,26,1,0,0,3,1,0,0,0,0,0,0,0,13,8,1,0,1
http://enwnguc0h-ier8v9h1injzkcm.tk/confirm-paypal-confirm/confirm.php?id=8966,78,2,3,0,4,8,0,0,0,0,0,1,0,28,37,1,1,1
http://google-suspend-secure.click/suspend/index.php,52,2,2,0,4,0,0,0,0,0,0,1,0,27,18,1,0,1
http://netflix.login.1vrgss.ga/login,36,3,0,0,3,1,0,2,0,0,0,1,0,23,9,0,0,1
https://www.rbi.org.in/search?q=result,38,3,0,0,3,0,0,2,0,1,0,0,0,14,7,0,1,0
http://microsoft.verify.byjth2.ga/verify,37,3,0,0,3,0,0,2,0,0,0,1,0,26,9,0,0,1
http://u9phb9ootprl0lc0yh1vc1frf.top/account-icicibank-account/confirm.php?id=4972,82,1,2,0,4,12,0,0,1,0,0,1,0,29,38,0,1,1
http://bxsqh.xyz/sbi/confirm/account@sbi.com/confirm.php,56,3,0,0,6,0,1,0,0,0,0,1,0,9,40,0,0,1
https://www.amazon.in/user/profile/settings,43,2,0,0,5,0,0,1,0,1,0,0,0,13,22,1,0,0
https://www.irctc.co.in/,24,3,0,0,3,0,0,2,0,1,0,0,0,15,1,0,0,0
https://www.flipkart.com/user/profile/settings,46,2,0,0,5,0,0,1,0,1,0,0,1,16,22,0,0,0
http://icicibank-confirm-secure.info/confirm/index.php,54,2,2,0,4,0,0,0,0,0,0,1,0,29,18,1,0,1
https://www.nseindia.com/login/iaf92m?ref=email&utm_id=7474,59,1,0,1,4,6,0,1,0,1,0,1,0,16,13,0,2,0
http://cutt.ly/j8adyfr,22,1,0,0,3,1,0,0,0,0,0,0,1,7,8,0,0,1
http://netflix-suspend-secure.xyz/suspend/index.php,51,2,1,0,4,0,0,0,0,0,0,1,0,26,18,1,0,1
http://icicibank-confirm-secure.xyz/confirm/index.php,53,2,2,0,4,0,0,0,0,0,0,1,0,25,18,1,0,1
http://252.177.142.107/confirm/amazon,37,3,0,0,4,12,0,2,1,0,0,1,0,15,13,0,0,1
http://7ohyxzggh4tz47nau3c394j0h.click/suspend-hdfcbank-suspend/confirm.php?id=7334,83,2,2,0,4,13,0,0,0,0,0,1,0,31,37,1,1,1
https://www.amazon.in/user/profile/settings,43,2,0,0,5,0,0,1,0,1,0,0,0,13,22,0,0,0
http://9r0k-n5sm0ocyn0m03k2lo7xn.cf/login-netflix-login/confirm.php?id=8729,75,2,3,0,4,13,0,0,0,0,0,1,0,28,32,1,1,1
http://icicibank-update-secure.tk/update/index.php,50,2,2,0,4,0,0,0,0,0,0,1,0,26,18,1,0,1
https://www.icicibank.com/search?q=result,41,2,0,0,3,0,0,1,0,1,0,1,0,17,7,0,1,0
https://www.hdfcbank.com/confirm/awnga41?ref=email&utm_id=4912,59,2,0,1,4,4,0,1,0,1,0,0,0,16,16,0,2,0
http://paypal.login.r778nr.cf/login,35,3,0,0,3,0,0,2,0,0,0,1,0,22,6,0,0,1
https://www.icicibank.com/news/today,36,2,0,0,4,0,0,1,0,1,0,0,0,17,11,0,0,0
https://www.hdfcbank.com/blog/2024/article,42,2,0,0,5,4,0,4,0,1,0,0,0,16,18,0,0,0
http://dsmtxjjkktl77uml4tpjpy26f.cf/suspend-icicibank-suspend/confirm.php?id=5833,81,2,2,0,4,9,0,0,0,0,0,1,0,28,38,0,1,1
http://bhp5uw3axx88gcjbeo4eutaxj.click/login-paypal-login/confirm.php?id=3907,77,2,2,0,4,9,0,0,0,0,0,1,0,32,30,0,1,1
http://hdfcbank-verify-secure.tk/verify/index.php,50,2,2,0,4,0,0,0,0,0,0,1,0,25,17,1,0,1
https://www.amazon.in/help/faq,30,2,0,0,4,0,0,1,0,1,0,0,0,13,9,0,0,0
https://www.linkedin.com/user/profile/settings,46,2,0,0,5,0,0,1,0,1,0,0,1,16,22,0,0,0
http://hdfcbank-update-secure.xyz/update/index.php,50,2,1,0,4,0,0,0,0,0,0,1,0,28,15,1,0,1
https://google.com/,19,1,0,0,3,2,0,0,0,1,0,0,0,10,1,1,0,0
https://wikipedia.org/contact,29,1,0,0,3,0,0,0,0,1,0,0,0,13,8,0,0,0
http://149.173.182.232/confirm/amazon,37,3,0,0,4,12,0,2,1,0,0,1,0,15,15,0,0,1
http://72.236.108.137/login/amazon,32,3,0,0,4,11,0,2,1,0,0,1,0,14,13,0,0,1
http://husrs.ga/amazon/confirm/account@amazon.com/confirm.php,61,3,0,0,6,0,1,0,0,0,0,1,0,5,46,0,0,1
https://apple.com/search?q=result,33,1,0,0,3,0,0,0,0,1,0,0,1,9,7,0,1,0
http://tinyurl.com/iEmqn1o,24,1,0,0,3,1,0,0,0,0,0,1,1,11,8,0,0,1
https://www.nptel.ac.in/contact,34,3,0,0,3,1,0,3,0,1,0,0,0,15,8,0,0,0
https://www.nptel.ac.in/news/today,34,3,0,0,4,0,0,2,0,0,0,0,0,14,12,0,0,0
http://netflix.confirm.kx1s9x.top/confirm,41,5,0,0,3,2,0,2,0,0,0,1,0,26,8,0,0,1
https://www.nseindia.com/account/dashboard,45,2,0,0,4,0,0,1,1,1,0,1,0,18,18,1,0,0
https://www.nptel.ac.in/search?q=result,39,3,0,0,3,0,0,4,0,1,0,0,0,15,7,0,1,0
http://240.38.128.222/suspend/icicibank,39,3,0,0,4,11,0,2,1,0,0,1,0,14,18,0,0,1
http://instagram-confirm-secure.info/confirm/index.php,54,2,5,0,4,0,0,0,0,0,0,1,0,29,18,1,0,1
https://www.stackoverflow.com/secure/ri4k5o?ref=email&utm_id=4096,64,2,0,1,4,6,0,1,1,1,0,1,0,21,14,0,2,0
https://www.ugc.gov.in/blog/2024/article,40,4,0,0,5,4,0,2,1,1,0,0,0,16,18,0,0,0
http://cutt.ly/hGy32un,22,1,0,0,3,2,0,0,0,0,0,0,1,7,8,0,0,1
http://bit.ly/c1kv7x2,21,1,0,0,3,1,0,0,0,0,0,0,1,6,8,0,0,1
http://yuvux.xyz/sbi/suspend/account@sbi.com/suspend.php,56,3,0,0,6,0,1,0,0,0,0,1,0,7,39,0,0,1
http://amazon.secure.lg4p0f.ga/secure,37,3,0,0,3,2,0,2,0,0,0,1,0,25,7,0,0,1
http://h4ibg4hkcqwb00n124pz4fngb.ga/login-hdfcbank-login/confirm.php?id=3868,76,2,2,0,4,12,0,0,0,0,0,1,0,28,33,0,1,1
http://jehmf.xyz/sbi/confirm/account@sbi.com/confirm.php,56,3,0,0,6,0,1,0,1,0,0,1,0,9,38,0,0,1
https://www.linkedin.com/help/faq,33,2,0,0,4,0,0,1,0,1,0,0,0,16,9,0,0,0
https://www.ugc.gov.in/blog/2024/article,40,3,0,0,5,4,0,2,0,1,0,0,0,14,18,0,0,0
https://www.github.com/contact,30,2,3,0,3,0,0,1,0,1,0,0,0,14,8,0,0,0
https://www.microsoft.com/products,34,2,0,0,3,0,0,1,0,0,0,0,1,17,11,0,0,0
http://137.195.87.185/secure/google,35,3,0,0,4,11,0,2,1,0,0,0,0,14,14,0,0,1
http://4u9lq3e3asoevgli261cvgfgm.ml/confirm-instagram-confirm/confirm.php?id=2741,81,2,2,0,4,11,0,0,0,0,0,1,0,28,38,0,1,1
https://www.github.com/news/today,33,2,0,0,4,0,0,1,0,1,0,0,0,14,11,0,0,0
https://www.hdfcbank.com/blog/2024/article,42,2,0,0,5,4,0,1,0,1,0,0,0,16,18,0,0,0
https://www.microsoft.com/help/faq,34,1,1,0,4,0,0,1,0,1,0,1,1,17,9,0,0,0
http://203.194.116.138/signin/google,37,1,0,0,4,12,0,2,1,0,0,1,0,15,14,0,0,1
https://www.hdfcbank.com/update/mz04x0qz?ref=email&utm_id=3650,62,2,0,1,4,7,0,1,0,1,0,1,0,16,16,0,2,0
https://flipkart.com/contact,28,1,0,0,3,0,0,0,0,1,0,0,1,12,8,0,0,0
https://www.galgotiasuniversity.edu.in/news/today,49,3,0,0,4,0,0,2,0,1,0,0,0,30,11,0,0,0
https://aicte-india.org/account/dashboard,41,1,1,0,4,0,0,0,0,1,0,1,0,15,18,1,0,0
https://www.irctc.co.in/help/faq,32,5,0,0,4,0,0,2,1,1,0,0,0,15,9,0,0,0
http://63.220.201.95/secure/microsoft,37,3,0,0,4,7,0,4,1,0,0,1,0,13,16,0,0,1
https://www.medium.com/,23,2,0,0,3,0,0,1,0,1,0,0,0,14,1,0,0,0
https://microsoft.com/,22,0,0,0,3,0,0,0,0,1,0,0,1,16,1,0,0,0
https://www.stackoverflow.com/news/today,40,2,0,0,4,0,0,1,0,1,0,0,0,21,11,0,0,0
https://www.stackoverflow.com/news/today,40,2,0,0,4,0,0,1,0,1,0,1,0,21,11,0,0,0
http://ihvoq.tk/instagram/account/account@instagram.com/account.php,67,3,0,0,6,0,1,0,0,0,0,1,0,8,52,1,0,1
http://pgrsr.click/instagram/signin/account@instagram.com/signin.php,68,3,0,0,6,0,1,0,0,0,0,1,0,11,50,0,0,1
https://www.irctc.co.in/search?q=result,39,3,0,0,3,0,0,2,0,1,0,0,0,15,7,0,1,0
https://www.medium.com/search?q=result,38,2,0,0,3,0,0,1,1,1,0,0,0,14,7,0,1,0
https://www.rbi.org.in/products,31,3,0,0,3,0,0,2,0,1,0,0,0,14,9,0,0,0
http://tinyurl.com/3l6jnwj,26,1,0,0,3,1,0,0,0,0,0,0,1,12,8,0,0,1
https://www.microsoft.com/user/profile/settings,47,2,0,0,5,0,0,1,0,1,0,0,1,17,22,0,0,0
https://www.google.com/contact,30,2,0,0,3,2,0,1,0,1,0,1,0,13,8,0,0,0
https://www.linkedin.com/account/az7t0uum?ref=email&utm_id=5530,63,2,0,1,4,6,0,1,0,1,0,1,0,16,16,0,2,0
http://bit.ly/A4iDvA5,21,1,0,0,3,5,0,0,0,0,0,0,1,6,10,0,0,1
http://bit.ly/FGEcoig,21,1,0,0,3,0,0,0,0,0,0,0,1,6,8,0,0,1
http://8velfv57xytirsk2rd20n4ix5.top/update-microsoft-update/confirm.php?id=2278,78,0,2,0,4,12,0,0,0,0,0,1,0,29,36,0,1,1
https://www.flipkart.com/docs/api/reference,43,2,0,0,5,0,0,1,0,1,0,0,1,16,19,0,0,0
http://hdfcbank.suspend.lnf6nv.click/suspend,44,3,0,0,3,1,0,2,0,0,0,1,0,29,8,0,0,1
https://www.stackoverflow.com/search?q=result,45,2,0,0,3,0,0,1,0,1,0,0,0,21,7,0,1,0
https://www.google.com/about,28,2,0,0,3,0,0,1,0,1,0,0,0,14,6,0,0,0
http://tinyurl.com/fhf4fmg,26,1,0,0,3,1,0,0,0,0,0,0,1,11,8,0,0,1
https://www.stackoverflow.com/,30,2,0,0,3,0,0,1,0,1,0,0,0,21,1,0,0,0
http://221.152.6.106/signin/microsoft,37,3,0,0,4,10,0,2,1,0,0,1,0,13,17,0,0,1
https://amazonjeprq.co/account/index.html,41,2,0,0,4,0,0,0,0,1,0,1,0,14,19,0,0,1
http://hdfcbank-confirm-secure.click/confirm/index.php,54,2,2,0,4,0,0,0,0,0,0,1,0,31,18,1,0,1
http://xg881ydhk6sc47v-dzsweox1e.top/login-hdfcbank-login/confirm.php?id=3578,77,2,3,0,4,11,0,0,0,0,0,1,0,32,33,1,1,1
http://microsoft.login.10gdmi.info/login,40,3,0,0,3,2,0,3,0,0,0,1,0,25,6,0,0,1
https://www.nptel.ac.in/about,29,3,0,0,3,3,0,2,0,1,0,0,0,13,6,0,0,0
http://igyzjv7hulpsx16i3k8vjj32w.top/account-sbi-account/confirm.php?id=2908,76,2,2,0,4,11,0,0,0,0,0,1,1,29,32,0,1,1
https://www.wikipedia.org/about,31,2,0,0,3,0,0,1,0,1,0,0,0,19,6,0,0,0
http://gbdpy.ga/instagram/verify/account@instagram.com/verify.php,65,2,0,0,6,0,1,0,0,1,0,1,1,8,50,0,0,1
https://www.apple.com/news/today,32,2,0,0,4,0,0,1,0,1,0,0,0,13,11,0,0,0
https://aicte-india.org/help/faq,32,1,1,0,4,0,0,0,0,1,0,0,0,15,9,1,0,0
http://4ks4lvs1i3flxxeykg7xb2s9w.top/account-icicibank-account/confirm.php?id=6927,82,2,2,0,4,11,0,0,0,0,0,1,0,29,37,0,1,1
http://58d0naxt99ualsz4ihxeysv8e.ml/verify-google-verify/confirm.php?id=8884,77,2,1,0,4,11,0,0,0,0,0,1,0,28,33,0,1,1
http://jj1l0rvt-j7mnf1513x3-ax4i.xyz/update-microsoft-update/confirm.php?id=7500,80,2,4,0,4,13,0,0,1,0,0,1,0,29,36,1,1,1
https://www.microsoft.com/docs/api/reference,44,4,0,0,5,0,0,1,0,1,0,0,1,17,19,0,0,0
https://www.github.com/contact,30,2,0,0,3,0,0,1,0,1,0,0,0,14,8,0,0,0
http://paypal.login.ox87cz.ml/login,35,4,0,0,3,5,0,2,0,0,0,0,0,22,6,0,0,1
https://ugc.gov.in/docs/api/reference,37,2,0,0,5,0,0,1,0,1,0,0,0,10,19,1,0,0
http://bit.ly/GtzjEkm,21,1,0,0,3,0,0,0,0,1,0,0,1,6,8,0,0,1
https://www.medium.com/help/faq,31,2,0,0,4,0,0,1,0,0,0,0,0,14,9,0,0,0
https://www.nptel.ac.in/suspend/g4eij00?ref=email&utm_id=4450,61,3,0,1,4,5,0,2,0,1,0,1,0,15,15,0,2,0
http://pyiri.ml/sbi/signin/account@sbi.com/signin.php,53,3,0,0,6,0,1,0,0,0,0,1,0,8,38,0,0,1
http://76.211.19.216/suspend/icicibank,39,3,0,0,4,10,0,2,1,0,0,1,0,13,18,0,0,1
https://www.nseindia.com/account/dashboard,42,2,0,0,4,0,0,1,0,1,0,1,0,16,18,0,0,0
https://linkedin.com/news/today,31,1,0,0,4,0,0,0,0,1,0,0,0,12,11,0,0,0
http://cdkbe.cf/hdfcbank/secure/account@hdfcbank.com/secure.php,63,3,0,0,6,0,1,0,0,0,0,1,0,8,48,0,0,1
https://www.nptel.ac.in/docs/api/reference,42,3,0,0,5,0,0,2,0,1,0,0,1,13,19,0,0,0
https://www.icicibank.com/user/profile/settings,44,2,0,0,5,0,0,3,0,1,0,0,0,17,22,0,0,0
https://www.ugc.gov.in/contact,30,0,0,0,3,0,0,2,0,1,0,0,0,14,8,0,0,0
https://www.irctc.co.in/products,32,3,0,0,3,0,0,2,0,1,0,0,0,15,9,0,0,0
https://galgotiasuniversity.edu.in/,35,2,0,0,3,0,0,1,0,1,0,0,0,26,1,0,0,0
https://www.flipkart.com/help/faq,30,1,0,0,4,0,0,1,0,1,0,0,1,16,9,0,0,0
https://www.amazon.in/blog/2024/article,40,2,0,0,5,4,0,1,0,1,0,0,0,13,18,0,0,0
https://www.aicte-india.org/about,33,2,1,0,3,0,0,1,0,1,0,0,0,19,6,1,0,0
https://www.stackoverflow.com/,30,2,0,0,3,0,0,1,0,1,0,0,0,21,1,0,0,0
https://www.amazon.in/search?q=result,37,2,0,0,3,1,0,1,0,1,0,0,0,13,7,0,1,0
http://bit.ly/kBaB52e,21,1,0,0,3,2,0,0,0,0,0,0,1,6,8,0,0,1
https://www.wikipedia.org/contact,33,4,0,0,3,0,0,1,0,1,0,0,0,17,8,1,0,0
https://www.microsoft.com/docs/api/reference,44,2,0,0,5,0,0,1,0,1,0,0,1,17,19,0,0,0
http://128.118.146.234/confirm/amazon,37,3,0,0,4,12,0,0,1,0,0,1,0,15,15,0,0,1
https://www.irctc.co.in/account/dashboard,41,3,0,0,4,3,0,2,0,1,0,1,0,13,15,0,0,0
https://www.stackoverflow.com/help/faq,38,2,0,0,4,0,0,1,0,1,0,0,0,22,9,0,0,0
http://microsoft.login.bc2t67.info/login,40,3,0,0,3,3,0,2,0,0,0,1,0,27,6,0,0,1
https://www.icicibank.com/user/profile/settings,47,2,0,0,5,0,0,0,0,1,0,0,0,15,20,0,0,0
https://icicibankbjslncn.net/account/index.html,47,2,3,0,4,0,0,0,0,1,0,1,0,20,19,0,0,1
http://33.148.130.99/confirm/icicibank,38,3,0,0,4,10,0,2,1,0,0,1,0,13,18,0,0,1
https://www.linkedin.com/signin/z1rhouu9si?ref=email&utm_id=5362,64,2,0,1,4,6,0,1,0,0,0,1,0,16,18,0,2,0
http://219.133.239.157/account/instagram,40,3,0,0,4,12,0,2,0,0,0,1,0,15,18,0,0,1
https://www.nseindia.com/help/faq,30,2,0,0,4,0,0,1,0,1,0,0,0,16,9,0,0,0
http://236.244.31.155/confirm/icicibank,39,3,0,0,4,11,0,2,1,1,0,1,0,14,18,0,0,1
http://is.gd/x85FB4E,20,1,0,0,3,3,0,0,0,0,0,0,1,5,7,0,0,1
https://www.wikipedia.org/contact,33,2,0,0,3,0,0,4,0,1,0,0,0,15,8,0,0,0
https://www.stackoverflow.com/products,36,2,0,0,3,0,0,1,0,1,0,0,0,23,9,1,0,0
http://k6o6cwijpbeifdd67h7v-xcdb.tk/confirm-google-confirm/confirm.php?id=5333,78,2,3,0,4,9,0,0,0,0,0,1,0,28,35,1,1,1
http://cutt.ly/yFw0h9f,22,1,0,0,3,0,0,0,0,0,0,0,1,7,8,0,0,1
http://229.123.11.121/verify/paypal,35,0,0,0,4,11,0,2,1,0,0,1,0,17,14,0,0,1
http://dhfir.info/hdfcbank/account/account@hdfcbank.com/account.php,67,3,0,0,6,0,1,0,0,0,0,0,0,10,50,0,0,1
https://www.microsoft.com/user/profile/settings,47,2,0,0,5,0,0,1,0,1,0,0,1,17,22,0,0,0
http://pm2zkf6b1sa4z6u48s0pf-t-e.click/update-icicibank-update/confirm.php?id=4471,82,2,4,0,4,15,0,0,0,0,0,1,0,31,36,1,1,1
https://irctc.co.in/account/dashboard,34,2,0,0,4,0,0,1,0,1,0,1,0,11,17,0,0,0
http://google-suspend-secure.tk/suspend/index.php,49,2,2,0,4,0,0,0,0,0,0,0,0,24,18,1,0,1
http://142.199.181.219/update/google,36,3,0,0,4,12,0,2,1,0,0,1,0,15,14,0,0,1
https://instagramttoksake.com/account/index.html,48,2,0,0,4,0,0,0,0,1,0,1,0,21,19,0,0,1
https://www.medium.com/docs/api/reference,41,2,0,0,5,0,0,3,0,1,0,1,0,14,19,0,0,0
http://215.17.33.52/account/icicibank,39,3,0,0,4,9,0,2,1,0,0,1,0,12,18,0,0,1
http://google-login-secure.top/login/index.php,46,0,2,0,4,0,0,0,0,0,0,1,0,23,16,1,0,1
https://www.irctc.co.in/update/z0ifr?ref=email&utm_id=6601,58,3,0,1,4,5,0,1,0,1,0,1,0,18,13,0,2,0
https://www.flipkart.com/,23,2,0,0,3,0,0,1,0,1,0,0,1,15,1,0,0,0
http://7ha3vmpu4tazmxs04w9776zow.tk/login-instagram-login/confirm.php?id=6665,79,2,2,0,4,13,0,0,0,0,0,1,0,26,34,0,1,1
https://www.microsoft.com/signin/ntxrgn7?ref=email&utm_id=7835,63,2,0,1,4,5,0,1,0,1,0,1,1,17,15,1,2,0
https://paypalkbtbmaxo.net/account/index.html,45,2,1,0,4,0,0,0,0,1,0,1,0,18,19,0,0,1
https://www.irctc.co.in/search?q=result,39,3,0,0,3,0,0,2,0,1,0,0,0,15,7,0,1,0
https://www.stackoverflow.com/signin/6cmlxzvo52?ref=email&utm_id=6950,69,2,3,1,4,7,0,1,0,1,0,1,0,21,18,0,2,0
https://icicibankldoayvab.co/account/index.html,45,2,0,0,4,0,0,0,0,1,0,1,0,20,19,0,0,1
https://www.microsoft.com/login/oriq8h?ref=email&utm_id=5953,60,2,0,1,4,5,0,1,0,1,0,1,1,17,13,0,2,0
https://irctc.co.in/blog/2024/article,37,2,0,0,5,4,0,1,0,1,0,0,0,11,20,0,0,0
https://www.irctc.co.in/search?q=result,39,1,0,0,3,0,0,2,0,1,0,0,0,15,7,0,1,0
http://icicibank.account.gjd3ex.tk/account,42,1,0,0,3,1,0,2,0,1,0,1,0,27,8,0,0,1
https://www.flipkart.com/user/profile/settings,46,2,0,0,5,1,0,1,0,1,0,0,1,16,22,0,0,0
http://4r5tip5b9j5zxe93bnqw9evrc.ml/confirm-icicibank-confirm/confirm.php?id=3156,81,0,2,0,4,12,0,0,0,0,0,1,0,28,38,0,1,1
https://www.galgotiasuniversity.edu.in/about,44,3,0,0,3,0,0,2,0,1,0,0,0,30,6,0,0,0
http://79.117.62.95/account/google,37,3,0,0,4,9,0,2,1,0,0,1,0,12,15,0,0,1
http://google-account-secure.click/account/index.php,52,2,2,0,4,0,0,0,0,0,0,1,0,27,18,1,0,1
http://hbismc6s4ofaxxjno41jh7oyq.tk/verify-microsoft-verify/confirm.php?id=8299,79,2,2,0,4,9,0,0,0,0,0,1,0,28,36,0,1,1
http://paypal-account-secure.cf/account/index.php,49,2,2,0,4,0,0,0,0,0,0,1,0,22,18,1,0,1
https://aicte-india.org/,24,1,1,0,3,0,0,0,0,0,0,0,0,15,1,1,0,0
https://hdfcbank.com/,21,1,0,0,3,0,0,0,0,1,0,0,0,12,1,0,0,0
http://hmcpj.top/icicibank/secure/account@icicibank.com/secure.php,66,3,0,0,6,0,1,0,0,0,0,1,0,9,50,0,0,1
https://www.nseindia.com/help/faq,33,2,0,0,4,0,0,1,0,1,0,0,0,17,9,0,0,0
https://www.irctc.co.in/blog/2024/article,41,3,0,0,5,4,0,4,1,1,0,0,0,15,18,0,0,0
https://amazonxrmyjhmsu.co/account/index.html,45,0,0,0,4,0,0,0,1,1,0,1,0,17,19,0,0,1
https://rbi.org.in/about,24,2,0,0,3,0,0,1,0,1,0,0,0,10,7,0,0,0
https://www.wikipedia.org/news/today,36,2,0,0,4,0,0,1,0,1,0,0,0,17,11,0,0,0
https://www.wikipedia.org/suspend/wr965r?ref=email&utm_id=9374,62,2,0,1,4,6,0,1,0,1,0,1,0,17,15,1,2,0
https://www.apple.com/account/dashboard,39,1,0,0,4,0,0,1,0,1,0,1,0,10,18,0,0,0
https://github.com/about,24,1,0,0,3,0,0,0,0,1,0,0,0,8,6,0,0,0
https://www.irctc.co.in/about,29,6,0,0,3,0,0,0,0,1,0,0,0,15,6,0,0,0
https://www.microsoft.com/search?q=result,41,2,0,0,3,0,0,1,0,1,0,0,1,17,7,0,1,0
https://www.amazon.in/login/5xin9d?ref=email&utm_id=6168,56,2,0,1,4,7,0,1,0,1,0,1,0,13,13,0,2,0
http://gehuiqti3fexub8f6hg680uhf.ga/signin-instagram-signin/confirm.php?id=1733,79,1,2,0,4,10,0,0,1,0,0,1,0,28,36,0,1,1
https://www.galgotiasuniversity.edu.in/about,44,3,0,0,3,0,0,2,0,1,0,0,0,30,6,0,0,0
http://amazon.secure.y40i6q.xyz/secure,36,5,0,0,3,3,0,2,0,0,0,1,0,24,7,0,0,1
https://www.nptel.ac.in/news/today,34,3,0,0,4,0,0,5,0,1,0,0,0,15,11,0,0,0
https://www.ugc.gov.in/login/xf44?ref=email&utm_id=3709,55,3,0,1,4,6,0,5,0,1,0,1,1,14,11,0,2,0
http://fitzy.click/sbi/suspend/account@sbi.com/suspend.php,56,3,0,0,6,0,1,0,0,1,0,1,0,11,40,0,0,1
https://www.amazon.in/search?q=result,37,2,0,0,3,0,0,1,1,1,0,0,0,13,7,0,1,0
https://www.flipkart.com/blog/2024/article,42,2,3,0,5,4,0,1,0,1,0,0,0,16,18,0,0,0
https://www.google.com/verify/nbcj?ref=email&utm_id=3636,56,2,0,1,4,1,0,1,0,1,0,1,0,16,12,0,2,0
https://www.nseindia.com/products,33,2,0,0,3,0,0,1,1,1,0,0,0,16,9,0,0,0
https://icicibank.com/blog/2024/article,39,1,0,0,5,5,0,0,0,1,0,0,0,13,18,0,0,0
http://instagram-confirm-secure.ml/confirm/index.php,52,2,2,0,4,0,0,0,0,0,0,1,0,27,18,0,0,1
http://102.233.167.149/suspend/instagram,40,3,0,0,4,12,0,2,1,0,0,1,0,15,18,0,0,1
https://www.ugc.gov.in/search?q=result,38,3,0,0,3,0,0,2,0,1,0,0,0,14,10,0,1,0
https://www.flipkart.com/user/profile/settings,46,2,0,0,5,0,0,1,0,1,0,0,1,16,22,0,0,0
https://wikipedia.org/blog/2024/article,39,1,0,0,5,4,0,0,0,1,0,0,0,13,18,0,0,0
http://instagram.signin.n6fawe.ga/signin,40,3,1,0,3,1,0,2,0,0,0,1,0,26,7,0,0,1
http://nbx9sk95tc3qtj3g85i0g-jk1.ml/account-paypal-account/confirm.php?id=2043,78,2,3,0,4,13,0,0,1,0,0,1,0,28,38,1,1,1
https://www.github.com/account/dashboard,40,2,1,0,4,0,0,1,0,0,0,1,0,14,20,0,0,0
https://www.galgotiasuniversity.edu.in/user/profile/settings,60,3,0,0,5,3,0,2,0,1,0,0,0,29,22,0,0,0
https://www.amazon.in/account/omtzzf8a?ref=email&utm_id=2492,60,2,0,1,4,5,0,1,0,1,0,1,0,13,17,0,2,0
http://204.23.78.214/suspend/icicibank,38,3,0,0,4,10,0,2,1,0,0,1,0,13,18,0,0,1
https://www.stackoverflow.com/about,35,0,0,0,3,0,0,1,0,1,0,0,0,21,6,0,0,0
http://cutt.ly/iGgsjoE,22,1,0,0,3,0,0,0,0,0,0,0,1,7,8,0,0,1
https://www.icicibank.com/help/faq,34,2,0,0,4,0,0,1,1,1,0,0,0,17,9,0,0,0
http://cutt.ly/idybF9s,22,1,0,0,3,1,0,0,0,0,0,0,1,7,8,0,0,1
https://www.irctc.co.in/news/today,34,3,0,0,4,0,0,2,0,1,0,0,0,17,11,0,0,0
http://bit.ly/smctD2r,21,1,0,0,3,1,0,0,0,0,0,0,1,6,8,0,0,1
http://is.gd/Abcftuu,20,1,0,0,3,0,0,0,0,0,0,0,1,5,8,0,0,1
https://www.linkedin.com/user/profile/settings,46,2,0,0,5,0,0,1,0,1,0,0,0,16,22,0,0,0
https://linkedin.com/products,29,1,0,0,3,0,0,0,0,1,0,0,0,12,9,0,0,0
https://www.ugc.gov.in/products,31,3,0,0,3,0,0,0,0,1,0,0,0,14,9,0,0,0
https://stackoverflow.com/help/faq,34,2,0,0,4,0,0,0,0,1,0,0,0,17,9,0,0,0
http://59.45.228.1/secure/paypal,32,3,0,0,4,10,0,2,1,0,0,1,0,11,14,0,0,1
http://222.110.201.187/signin/google,36,3,0,0,4,12,0,2,1,0,0,1,0,17,14,0,0,1
https://nseindia.com/user/profile/settings,42,1,0,0,5,0,0,0,0,1,0,1,0,12,22,0,0,0
https://www.nseindia.com/search?q=result,40,2,0,0,3,0,0,1,0,0,0,0,0,16,7,0,1,0
https://www.wikipedia.org/products,34,2,0,0,3,0,0,2,0,1,0,0,0,17,9,0,0,0
https://www.amazon.in/account/dashboard,40,5,0,0,4,0,0,1,0,1,0,1,0,13,18,0,0,0
http://hdfcbank.suspend.dgs9gt.top/suspend,42,4,0,0,3,1,0,2,0,0,0,1,1,27,10,0,0,1
http://amazon-login-secure.tk/login/index.php,45,2,2,0,4,0,0,1,0,0,0,1,1,22,14,1,0,1
https://microsoft.com/account/dashboard,40,1,0,0,4,0,0,3,0,0,0,1,1,13,18,1,0,0
http://up6a8qnaabmozd62nh79odju4.xyz/update-netflix-update/confirm.php?id=9869,78,2,0,0,4,11,0,0,0,1,0,1,0,29,34,0,1,1
http://spppv.top/icicibank/update/account@icicibank.com/update.php,66,3,0,0,6,0,1,0,0,0,0,1,0,10,50,0,0,1
http://cpqbf.xyz/icicibank/verify/account@icicibank.com/verify.php,66,3,0,0,6,0,1,3,0,0,0,0,0,9,50,0,0,1
http://129.224.87.161/account/google,38,3,0,0,4,11,0,2,1,0,0,1,0,14,15,0,0,1
https://www.rbi.org.in/user/profile/settings,44,3,0,0,5,0,0,2,0,1,0,0,0,14,22,0,0,0
https://www.medium.com/search?q=result,38,2,0,0,3,0,0,1,0,1,0,0,0,14,7,0,1,0
http://sbi.signin.qpfie9.xyz/signin,35,3,0,0,3,1,0,2,0,0,0,1,1,21,7,0,0,1
http://cutt.ly/mEEpant,22,1,0,0,3,0,0,0,0,0,0,0,1,7,8,0,0,1
http://netflix.update.qpvc9a.tk/update,41,3,0,0,3,1,0,2,0,0,0,1,0,24,4,0,0,1
http://instagram-login-secure.cf/login/index.php,48,2,2,0,4,0,0,0,0,0,0,1,0,25,16,0,0,1
https://www.stackoverflow.com/blog/2024/article,45,2,0,0,5,4,0,0,0,1,0,0,0,21,18,0,0,0
https://googlempgcqekbs.net/account/index.html,46,2,0,0,4,0,0,0,0,1,0,1,0,19,19,0,0,1
https://www.aicte-india.org/search?q=result,43,2,1,0,3,0,0,1,0,1,0,0,1,19,7,1,1,0
http://26.145.56.41/update/netflix,34,3,0,0,4,9,0,2,1,0,0,1,0,12,15,0,0,1
http://dv4atnrm7dfig7w4ttu1erc48.cf/update-sbi-update/confirm.php?id=8856,73,2,2,0,4,11,0,3,0,0,0,1,0,28,28,1,1,1
https://www.hdfcbank.com/help/faq,33,2,0,0,4,2,0,1,0,1,0,0,0,16,9,1,0,0
http://217.34.119.153/account/netflix,37,3,0,0,4,11,0,2,1,0,0,1,0,14,16,0,0,1
https://microsoftadldmdokp.com/account/index.html,49,5,0,0,4,0,0,0,0,1,0,1,0,22,19,0,0,1
http://tbuwr.click/icicibank/secure/account@icicibank.com/secure.php,68,5,0,0,6,0,1,0,0,0,0,1,0,11,50,0,0,1
http://sbi.update.7xfh41.xyz/update,32,3,0,0,3,3,0,2,0,0,0,1,0,21,7,0,0,1
https://www.apple.com/news/today,32,2,0,0,4,0,0,1,0,1,0,0,0,13,11,0,0,0
http://tinyurl.com/ki3E8e1,26,1,0,0,3,3,0,0,0,0,0,0,1,11,8,0,0,1
http://paypal.login.85zzhj.xyz/login,36,3,0,0,3,2,0,2,0,0,0,1,0,23,6,0,0,1
http://qxrvb.cf/paypal/confirm/account@paypal.com/confirm.php,61,3,0,0,6,0,1,0,0,0,0,1,0,8,46,0,0,1
http://amazon.suspend.67kayp.top/suspend,40,3,0,0,3,2,0,2,0,0,0,1,0,25,8,0,0,1
https://www.hdfcbank.com/docs/api/reference,43,5,0,0,5,0,0,1,0,1,0,0,0,16,19,0,0,0
http://sw-888uoqeumni4gon784705d.xyz/secure-icicibank-secure/confirm.php?id=9517,80,2,3,0,4,14,0,0,0,0,0,1,0,26,36,1,1,1
http://125.246.161.20/verify/microsoft,38,3,0,0,4,11,0,2,1,0,0,1,0,14,17,0,0,1
https://icicibank.com/blog/2024/article,39,1,0,0,5,1,0,0,0,1,0,0,0,13,17,0,0,0
http://cutt.ly/t6hyq7k,22,1,2,0,3,2,0,0,0,1,0,0,1,7,8,0,0,1
http://hdfcbank.verify.lg8y2w.info/verify,41,3,0,0,3,2,0,2,0,0,0,1,0,27,7,0,0,1
https://www.flipkart.com/help/faq,33,2,0,0,4,0,0,1,0,0,0,0,1,16,9,0,0,0
https://www.medium.com/account/ob0nlw0?ref=email&utm_id=9784,57,2,0,1,4,6,0,0,0,1,0,1,0,14,19,0,2,0
https://paypalxhrwmt.co/account/index.html,42,2,0,0,4,0,0,0,0,1,0,1,1,15,19,0,0,1
http://netflix.confirm.fwg895.ml/confirm,40,3,0,0,3,3,0,2,0,0,0,1,0,25,8,0,0,1
https://www.aicte-india.org/account/y8nbiquwr?ref=email&utm_id=6952,67,2,1,1,4,5,0,1,0,1,0,1,1,19,18,1,2,0
https://aicte-india.org/user/profile/settings,45,1,1,0,5,0,0,0,1,1,0,1,0,15,22,1,0,0
https://www.stackoverflow.com/signin/p767j2?ref=email&utm_id=2749,65,0,3,1,4,8,0,1,0,1,0,1,0,21,12,0,2,0
https://aicte-india.org/,24,1,1,0,3,0,0,0,0,1,0,0,1,18,1,1,0,0
http://cutt.ly/mj85Gst,22,0,0,0,3,2,0,0,0,0,0,0,1,7,8,0,0,1
https://flipkart.com/account/dashboard,38,1,0,0,4,0,0,0,0,1,0,1,1,12,18,0,0,0
https://www.nptel.ac.in/search?q=result,42,3,0,0,3,0,0,2,0,1,0,0,0,15,7,0,1,0
https://www.wikipedia.org/user/profile/settings,49,2,0,0,5,0,0,1,0,1,0,0,0,19,22,0,0,0
http://ecokf.click/google/login/account@google.com/login.php,60,3,0,0,6,0,1,0,0,0,0,1,0,11,39,0,0,1
http://hgkwtebjee7vitk6zooi4zsgh.ga/account-microsoft-account/confirm.php?id=5718,81,2,1,0,4,7,0,0,0,0,0,0,0,28,38,0,1,1
https://nptel.ac.in/about,25,2,0,0,3,0,0,1,0,1,0,0,0,11,6,0,0,0
https://www.google.com/,23,2,0,0,3,0,0,1,0,1,0,0,0,14,3,0,0,0
https://www.galgotiasuniversity.edu.in/blog/2024/article,56,3,0,0,5,4,0,2,0,1,0,0,0,30,18,0,0,0
http://google-login-secure.tk/login/index.php,45,0,2,0,4,0,0,0,0,0,0,1,0,22,16,1,0,1
https://paypalnsviqwsuh.co/account/index.html,45,2,0,0,4,0,0,0,0,1,0,1,0,20,19,0,0,1
http://154.65.215.175/update/netflix,36,3,0,0,4,11,0,2,1,0,0,1,0,14,15,0,0,1
http://cutt.ly/1macg8t,22,1,0,0,3,2,0,0,1,0,0,0,1,7,8,0,0,1
http://tinyurl.com/7afGlCC,26,1,0,0,3,1,0,0,0,0,0,0,1,11,8,0,0,1
http://sbi.verify.wl6qmg.cf/verify,37,3,0,0,3,1,0,2,0,0,0,1,0,20,7,0,0,1
https://www.medium.com/products,31,2,0,0,3,0,0,1,0,1,0,0,0,14,9,0,0,0
http://cnpjdn2migdha7gh8idvb-rbd.top/signin-microsoft-signin/confirm.php?id=6056,80,2,3,0,4,7,0,0,0,1,0,1,0,29,36,1,1,1
https://www.aicte-india.org/login/ck88d0tgs?ref=email&utm_id=5075,65,2,0,1,4,7,0,1,0,1,0,1,0,19,16,1,2,0
https://www.ugc.gov.in/docs/api/reference,41,3,0,0,5,0,0,2,0,1,0,0,0,14,19,0,0,0
http://eykit.tk/sbi/verify/account@sbi.com/verify.php,53,3,0,0,6,0,1,3,0,0,0,1,0,8,38,0,0,1
https://www.hdfcbank.com/account/zkbrh7?ref=email&utm_id=6416,61,2,0,1,4,5,0,1,0,1,0,1,0,16,15,0,2,0
http://netflix.verify.jpmlnl.top/verify,39,3,0,0,3,0,0,4,1,0,0,0,0,23,7,0,0,1
https://microsoftcnozdtxq.net/account/index.html,48,2,0,0,4,0,0,0,0,1,0,1,0,21,19,0,0,1
https://www.linkedin.com/products,33,2,0,0,3,0,0,2,0,1,0,0,0,16,9,0,0,0
http://112.147.28.125/secure/microsoft,38,3,0,0,4,11,0,2,1,0,0,0,0,14,17,0,0,1
https://www.github.com/contact,30,2,0,0,3,0,0,1,0,1,0,0,0,14,8,0,0,0
http://73.242.243.147/account/google,36,3,2,0,4,11,0,2,1,0,0,1,0,14,17,0,0,1
https://www.hdfcbank.com/confirm/u7jae5?ref=email&utm_id=4259,62,2,0,1,4,6,0,1,1,1,0,1,0,16,13,0,2,0
http://9hdqxvb08co1eqxni7ktj232y.top/update-microsoft-update/confirm.php?id=5505,80,2,2,0,4,12,0,0,0,0,0,1,0,31,36,0,1,1
http://219.240.1.245/verify/icicibank,37,3,0,0,4,10,0,2,1,0,0,1,0,13,17,0,0,1
http://netflix-update-secure.ml/update/index.php,48,2,2,0,4,0,0,0,0,0,0,1,0,24,17,1,0,1
http://jda7vezerbm7thx3nrv5ejbkq.xyz/update-instagram-update/confirm.php?id=5987,80,2,0,0,4,8,0,0,0,0,0,1,0,29,36,0,1,1
https://www.icicibank.com/blog/2024/article,43,2,0,0,5,4,0,1,0,1,0,0,0,17,18,0,0,0
http://hpxoq.xyz/paypal/account/account@paypal.com/account.php,62,3,0,0,6,0,1,0,0,0,0,0,0,9,49,0,0,1
http://3ibcltrh-wgkz6cgaghfu9z0c.info/login-hdfcbank-login/confirm.php?id=4064,78,2,5,0,4,8,0,0,0,0,0,1,0,30,33,1,1,1
https://www.microsoft.com/search?q=result,41,2,0,0,3,0,0,1,0,1,0,0,1,17,7,0,1,0
http://amazon.secure.kt10r7.click/secure,40,3,0,0,3,3,0,2,0,0,0,1,0,26,7,0,0,1
https://www.flipkart.com/confirm/b7wxrum2?ref=email&utm_id=6207,63,3,0,1,4,6,0,1,0,1,0,1,1,14,19,0,2,0
https://www.rbi.org.in/user/profile/settings,44,3,0,0,5,0,0,2,0,1,0,1,1,16,22,0,0,0
https://amazon.in/user/profile/settings,39,1,0,0,5,0,0,0,0,1,0,0,0,9,22,0,0,0
https://www.irctc.co.in/products,33,3,0,0,3,0,0,2,0,1,0,0,0,17,9,0,0,0
https://www.flipkart.com/account/70s1f5?ref=email&utm_id=9456,61,2,0,1,4,8,0,1,0,1,0,1,1,16,15,0,2,0
https://www.aicte-india.org/search?q=result,46,2,1,0,3,0,0,1,0,1,0,0,0,19,7,1,1,0
https://nseindia.com/about,26,1,0,0,3,0,0,0,0,1,0,0,0,12,8,0,0,0
https://microsoftqinvma.com/account/index.html,46,2,0,0,4,0,0,0,0,1,0,1,0,19,19,0,0,1
http://74.141.121.242/secure/paypal,35,3,0,0,4,11,0,2,1,0,0,1,0,14,14,0,0,1
http://152.82.204.55/account/instagram,38,4,0,0,4,10,0,2,1,0,0,1,0,13,18,0,0,1
https://www.nptel.ac.in/help/faq,32,3,0,0,4,0,0,2,0,1,0,0,0,15,9,0,0,0
https://www.rbi.org.in/blog/2024/article,40,3,0,0,5,4,0,2,0,1,0,0,0,11,20,1,0,0
http://tinyurl.com/a4lk0zf,26,1,0,0,3,2,0,0,0,1,0,0,1,13,8,0,0,1
http://microsoft-verify-secure.tk/verify/index.php,50,1,2,0,4,0,0,0,0,0,0,1,1,26,17,1,0,1
https://www.nptel.ac.in/contact,31,3,0,0,3,0,0,2,0,1,0,0,0,15,8,0,0,0
https://www.amazon.in/search?q=result,40,2,2,0,3,0,0,1,0,1,0,0,0,13,7,0,1,0
http://119.112.98.30/signin/hdfcbank,36,0,0,0,4,10,0,5,1,0,0,1,0,13,16,0,0,1
https://www.nseindia.com/blog/2024/article,42,2,0,0,5,4,0,1,0,1,0,0,0,16,18,0,0,0
http://bit.ly/23fyE9t,21,1,0,0,3,3,0,0,0,0,0,0,1,6,8,0,0,1
https://www.nptel.ac.in/blog/2024/article,41,3,0,0,5,4,0,2,0,1,0,0,0,15,18,0,0,0
http://ppuyo.tk/instagram/signin/account@instagram.com/signin.php,65,3,0,0,6,0,1,0,0,0,0,1,0,7,50,0,0,1
https://www.github.com/docs/api/reference,41,2,0,0,5,0,0,1,0,1,0,0,0,14,19,0,0,0
https://irctc.co.in/docs/api/reference,38,2,0,0,5,0,0,1,0,1,0,0,0,11,19,0,0,0
https://netflixwdhzocjpn.net/account/index.html,47,2,0,0,4,0,0,0,0,1,0,1,0,20,19,0,0,1
https://rbi.org.in/account/dashboard,36,2,3,0,4,0,0,1,0,1,0,1,0,10,18,1,0,0
http://qfprv.ml/instagram/suspend/account@instagram.com/suspend.php,67,3,0,0,6,0,1,0,0,0,0,0,0,8,52,0,0,1
http://vfbmb.cf/microsoft/signin/account@microsoft.com/signin.php,65,3,0,0,6,0,1,0,0,0,0,1,0,8,50,0,0,1
https://www.github.com/contact,30,2,1,0,3,0,0,1,0,1,0,0,0,14,8,0,0,0
http://200.61.67.2/confirm/google,33,3,0,0,4,10,0,2,1,0,0,1,0,11,12,0,0,1
https://nptel.ac.in/contact,27,2,0,0,3,1,0,1,0,0,0,0,0,11,8,0,0,0
https://www.medium.com/account/dashboard,40,3,0,0,4,0,0,1,0,1,0,1,0,14,18,0,0,0
http://amazon-suspend-secure.ga/suspend/index.php,49,3,2,0,4,0,0,0,0,0,0,0,0,24,18,1,0,1
http://bit.ly/yo910Ag,21,1,0,0,3,3,0,0,0,0,0,0,1,6,5,0,0,1
http://fn8yjf41kh6951acuhgpjovxr.ml/login-paypal-login/confirm.php?id=3950,74,2,2,0,4,11,0,0,0,0,0,1,0,28,31,0,1,1
http://icicibank-suspend-secure.click/suspend/index.php,55,4,2,0,4,0,0,0,0,0,0,1,0,30,15,1,0,1
http://120.175.39.134/secure/netflix,33,3,0,0,4,11,0,2,1,0,0,1,0,14,15,0,0,1
http://mlqcq.info/paypal/suspend/account@paypal.com/suspend.php,63,3,0,0,6,0,1,1,0,0,0,1,0,10,46,0,0,1
https://www.medium.com/,23,2,0,0,3,0,0,1,0,1,0,0,0,14,4,0,0,0
http://hdfcbank.verify.2mrmtx.ga/verify,39,3,0,0,3,1,0,2,1,0,0,1,0,25,7,0,0,1
https://galgotiasuniversity.edu.in/contact,42,2,0,0,3,0,0,1,0,1,0,1,0,26,8,0,0,0
https://nseindia.com/about,26,1,0,0,3,0,0,0,0,1,0,0,0,12,7,0,0,0
https://www.google.com/account/dashboard,40,2,0,0,4,0,0,1,0,1,0,1,1,14,18,0,0,0
https://www.microsoft.com/search?q=result,41,2,0,0,3,0,0,1,0,1,0,0,1,17,7,0,1,0
https://www.nseindia.com/user/profile/settings,46,2,0,0,5,0,0,1,0,1,0,1,0,16,23,0,0,0
http://tliyu.click/google/login/account@google.com/login.php,60,3,0,0,6,0,1,3,0,0,0,1,0,11,42,0,0,1
https://www.nseindia.com/user/profile/settings,46,2,0,0,5,0,0,1,0,1,0,0,0,16,22,0,0,0
http://bit.ly/B14a8F5,18,1,0,0,3,4,0,0,0,0,0,0,1,6,8,0,0,1
http://rkupcj9no876efvyq-njc3gpu.info/verify-instagram-verify/confirm.php?id=4805,81,5,3,0,4,9,0,0,0,0,0,1,0,30,36,1,1,1
http://is.gd/ibbBDto,20,1,0,0,3,0,0,0,0,0,0,0,1,5,8,0,0,1
http://g5ebc-5e7olas1h21qv2f3of7.info/update-microsoft-update/confirm.php?id=8193,81,2,3,0,4,13,0,0,0,0,0,1,0,30,36,1,1,1
https://www.medium.com/confirm/dknn?ref=email&utm_id=2108,57,2,0,1,4,4,0,1,0,1,0,1,0,14,13,0,2,0
https://www.github.com/user/profile/settings,44,2,0,0,5,0,0,1,0,1,0,0,0,14,22,0,0,0
http://204.49.50.137/secure/icicibank,37,3,0,0,4,10,0,0,1,0,0,1,0,11,18,0,0,1
http://cutt.ly/x4t4G61,22,1,0,0,3,4,0,0,0,0,0,0,1,7,8,0,0,1
http://tinyurl.com/6587i8G,26,1,0,0,3,5,0,0,0,0,0,0,1,11,8,0,0,1
https://www.rbi.org.in/news/today,33,3,0,0,4,0,0,2,0,1,0,0,0,16,11,0,0,0
http://netflix.account.dxc6ri.ga/account,40,3,0,0,3,1,0,3,0,1,0,1,0,26,8,0,0,1
https://icicibankngvay.net/account/index.html,45,2,0,0,4,0,0,0,0,1,0,1,0,18,19,0,0,1
https://www.irctc.co.in/user/profile/settings,45,3,0,0,5,0,0,4,0,1,0,0,0,17,21,1,0,0
https://paypalgymdefb.com/account/index.html,44,2,0,0,4,0,0,0,0,1,0,1,0,17,19,0,0,1
http://sbi.suspend.h0tt9k.cf/suspend,36,3,0,0,3,2,0,2,1,0,0,1,0,21,8,0,0,1
https://www.wikipedia.org/help/faq,34,2,0,0,4,0,0,1,1,1,0,0,0,17,9,0,0,0
http://4vrnwufcpncc2leiwmi88j0c6.ml/suspend-instagram-suspend/confirm.php?id=5719,81,2,2,0,4,10,0,2,0,0,0,1,0,26,40,0,1,1
https://www.amazon.in/news/today,32,2,0,0,4,0,0,1,0,0,0,0,0,13,11,0,0,0
https://irctc.co.in/about,25,2,0,0,3,0,0,1,0,1,0,0,0,11,6,0,0,0
https://paypalnakescxh.net/account/index.html,44,2,0,0,4,0,0,0,0,1,0,1,0,18,19,0,0,1
http://bit.ly/3ohk68l,21,1,0,0,3,3,0,0,0,0,0,0,1,6,8,0,0,1
http://n31vwikvddxwb964hqd8wlr2t.cf/secure-instagram-secure/confirm.php?id=3517,79,1,0,0,4,11,0,0,0,0,0,1,0,28,36,0,1,1
https://paypaliqyorxpqo.com/account/index.html,46,2,0,0,4,0,0,0,0,1,0,0,0,19,18,0,0,1
https://www.rbi.org.in/search?q=result,38,3,0,0,3,0,0,2,1,1,0,0,0,14,7,0,1,0
https://www.flipkart.com/search?q=result,40,2,0,0,3,0,0,1,0,1,0,0,1,16,7,0,1,0
http://oszee.cf/icicibank/login/account@icicibank.com/login.php,63,3,0,0,6,0,1,0,0,0,0,1,0,8,48,0,0,1
https://www.hdfcbank.com/search?q=result,40,3,0,0,3,0,0,1,1,1,0,0,1,16,6,0,1,0
https://www.google.com/blog/2024/article,40,2,0,0,5,6,0,1,0,1,0,0,0,14,18,0,0,0
http://91.68.31.238/suspend/netflix,35,3,0,0,4,8,0,2,1,0,0,1,0,12,16,0,0,1
http://paypal-login-secure.tk/login/index.php,45,2,2,0,4,0,0,0,0,0,0,1,0,25,16,1,0,1
http://227.207.28.252/suspend/icicibank,39,3,0,0,4,11,0,2,1,0,0,1,0,14,18,0,0,1
https://www.stackoverflow.com/login/bufwb?ref=email&utm_id=3406,63,2,0,1,4,4,0,1,0,1,0,1,0,18,12,0,2,0
http://g7x15zgzgmq9ypa-6g2anra6r.xyz/login-sbi-login/confirm.php?id=1740,72,2,3,0,4,8,0,0,0,0,0,1,0,29,28,1,1,1
https://www.galgotiasuniversity.edu.in/contact,46,3,0,0,3,0,0,2,0,1,0,0,0,30,8,0,0,0
https://microsoftttebs.co/account/index.html,43,2,0,0,4,0,0,1,0,1,0,1,0,17,19,0,0,1
http://bit.ly/af407tv,21,1,0,0,3,3,0,0,0,0,0,0,1,6,8,0,0,1
https://amazon.in/products,26,1,3,0,3,0,0,0,0,1,0,0,0,9,9,0,0,0
http://cutt.ly/abpBxry,22,0,0,0,3,0,0,0,1,0,0,0,1,7,8,0,0,1
https://www.google.com/,23,2,0,0,3,0,0,1,0,1,0,0,1,14,1,0,0,0
http://paypal-verify-secure.xyz/verify/index.php,48,2,2,0,4,0,0,0,0,0,0,1,0,24,17,0,0,1
http://2d0shutrayiiz3s530tk3t-o6.xyz/update-sbi-update/confirm.php?id=1299,74,2,3,0,4,12,0,0,0,0,0,1,0,29,30,1,1,1
http://cutt.ly/4mztCAl,20,1,0,0,3,1,0,0,0,1,0,0,1,8,8,0,0,1
https://www.apple.com/docs/api/reference,40,2,0,0,5,0,0,1,0,1,0,0,0,13,19,0,0,0
https://microsoftxmohcann.co/account/index.html,47,2,0,0,4,0,0,0,0,1,0,1,0,20,19,0,0,1
http://pckvn.click/icicibank/account/account@icicibank.com/account.php,70,3,0,0,6,0,1,0,0,0,0,1,0,11,54,0,0,1
http://80.236.225.108/login/microsoft,38,3,0,0,4,11,0,2,1,0,0,1,0,14,16,0,0,1
http://google.account.nq4o7v.info/account,41,3,0,0,3,2,0,2,0,0,0,1,0,26,8,0,0,1
https://www.irctc.co.in/update/4yk1b?ref=email&utm_id=8415,55,3,0,1,4,6,0,2,0,1,0,1,0,15,13,0,2,0
https://www.aicte-india.org/docs/api/reference,46,2,1,0,5,1,0,1,0,1,0,1,0,19,16,1,0,0
http://instagram-secure-secure.info/secure/index.php,52,2,2,0,4,0,0,0,0,1,0,1,0,28,17,1,0,1
http://microsoft-signin-secure.top/signin/index.php,51,1,2,0,4,0,0,0,0,0,0,1,0,27,14,1,0,1
http://juwon.tk/microsoft/signin/account@microsoft.com/signin.php,65,3,0,0,6,0,1,0,0,0,0,1,0,8,50,0,0,1
http://tg0tr9rvx3yh7qiipnf5jd1kt.click/confirm-instagram-confirm/confirm.php?id=4771,84,2,0,0,4,10,0,0,0,0,0,1,0,31,38,0,1,1
http://icicibank-verify-secure.xyz/verify/index.php,51,2,2,0,4,0,0,0,0,1,0,1,0,27,17,1,0,1
https://www.medium.com/blog/2024/article,38,2,0,0,5,4,0,1,0,1,0,0,0,14,18,0,0,0
http://microsoft-secure-secure.ga/secure/index.php,50,2,2,0,4,0,0,0,0,0,0,1,0,26,17,1,0,1
http://icicibank.secure.n72bho.top/secure,41,3,0,0,3,2,0,2,0,0,0,1,0,27,8,0,0,1
https://www.galgotiasuniversity.edu.in/account/dashboard,56,3,0,0,4,1,0,2,0,1,0,1,0,30,18,0,0,0
https://nseindia.com/user/profile/settings,42,1,0,0,5,0,0,0,0,1,0,0,0,12,20,0,0,0
http://gvq2196okxoalf5v2tyh4870v.xyz/confirm-icicibank-confirm/confirm.php?id=4094,82,2,2,0,4,14,0,0,0,0,0,1,0,29,38,0,1,1
https://www.apple.com/account/dashboard,39,2,0,0,4,0,0,1,0,1,0,1,0,13,18,0,0,0
http://tinyurl.com/0rzflmn,23,0,0,0,3,1,0,0,0,0,0,0,1,9,8,0,0,1
http://-rwuf18hbasf6eimi08jr9muk.cf/verify-paypal-verify/confirm.php?id=9123,76,2,3,0,4,10,0,0,0,1,0,1,0,28,33,1,1,1
http://70.18.146.206/confirm/hdfcbank,40,3,0,0,4,10,0,2,1,0,0,1,1,13,17,0,0,1
https://www.galgotiasuniversity.edu.in/,39,0,0,0,3,0,0,2,0,1,0,0,0,30,4,0,0,0
https://www.wikipedia.org/docs/api/reference,44,2,0,0,5,0,0,1,0,1,0,0,0,17,22,0,0,0
http://jvjhm.click/sbi/confirm/account@sbi.com/confirm.php,58,6,0,0,6,0,1,0,0,0,0,1,0,11,40,0,0,1
http://w-4k9elu3-2mi571tphxwednz.top/signin-netflix-signin/confirm.php?id=1295,78,2,2,0,4,11,0,0,0,1,0,1,0,29,34,1,1,1
https://www.wikipedia.org/account/dashboard,43,2,0,0,4,0,0,1,0,1,0,0,0,19,21,0,0,0
https://www.wikipedia.org/about,31,2,0,0,3,0,0,1,0,1,0,0,0,17,6,0,0,0
https://medium.com/account/dashboard,36,1,0,0,4,0,0,0,0,1,0,1,0,10,18,0,0,0
https://www.medium.com/docs/api/reference,41,2,0,0,5,1,0,1,0,1,0,0,0,14,16,0,0,0
https://microsoft.com/contact,29,1,0,0,3,0,0,0,0,1,0,0,1,13,8,0,0,0
http://microsoft-confirm-secure.xyz/confirm/index.php,53,2,2,0,4,0,0,2,0,0,0,1,0,28,18,1,0,1
http://netflix-update-secure.top/update/index.php,49,2,3,0,4,0,0,0,0,0,0,1,0,25,17,1,0,1
https://www.stackoverflow.com/signin/0vuh17j8qo?ref=email&utm_id=1567,69,2,0,1,4,9,0,1,1,1,0,1,0,21,18,0,2,0
http://vmx8iu3d4623lm8e52ofv25k7.info/verify-sbi-verify/confirm.php?id=1482,73,2,2,0,4,16,0,0,0,0,0,1,0,30,31,0,1,1
https://www.rbi.org.in/account/g8pw?ref=email&utm_id=6323,57,3,0,1,4,7,0,2,0,0,0,1,0,16,13,0,2,0
http://ecmhd.top/microsoft/account/account@microsoft.com/account.php,68,3,0,0,6,0,1,0,0,0,0,1,0,9,52,0,0,1
https://www.nseindia.com/docs/api/reference,43,2,0,0,5,0,0,1,0,1,0,0,0,16,19,0,0,0
https://www.flipkart.com/help/faq,33,2,0,0,4,0,0,1,0,0,0,0,1,16,11,0,0,0
https://www.microsoft.com/secure/0dzwdz09w?ref=email&utm_id=3619,64,2,0,1,4,7,0,1,0,1,0,1,1,17,17,0,2,0
https://www.flipkart.com/contact,32,2,0,0,3,0,0,1,0,1,0,0,1,16,8,0,0,0
http://netflix-account-secure.click/account/index.php,53,2,2,0,4,0,0,0,0,0,0,1,0,28,21,1,0,1
http://icicibank.signin.7kkg0a.tk/signin,40,3,0,0,3,2,0,2,0,0,0,1,0,26,7,0,0,1
https://github.com/products,27,1,0,0,3,0,0,0,0,1,0,0,0,10,8,0,0,0
https://www.github.com/search?q=result,35,2,0,0,3,0,0,1,0,1,0,0,0,11,5,0,1,0
http://24dtzsznnr9r7a2df73vnw76b.info/secure-netflix-secure/confirm.php?id=7433,79,2,2,0,4,13,0,0,0,0,0,1,0,30,34,0,1,1
https://nptel.ac.in/search?q=result,32,2,0,0,3,0,0,1,0,1,0,0,0,10,9,0,1,0
https://www.amazon.in/,22,2,0,0,3,0,0,1,0,1,0,0,0,13,1,0,0,0
http://vdk83a9z8fszzteah4aptm-y8.top/verify-amazon-verify/confirm.php?id=9652,77,2,3,0,4,10,0,0,0,0,0,1,0,29,33,1,1,1
https://www.stackoverflow.com/docs/api/reference,48,2,0,0,5,0,0,1,0,1,0,0,0,21,19,1,0,0
https://icicibank.com/news/today,32,1,0,0,4,0,0,0,0,1,0,0,0,13,11,0,0,0
https://www.galgotiasuniversity.edu.in/products,47,3,0,0,3,0,0,2,0,1,0,0,0,30,9,0,0,0
https://www.ugc.gov.in/products,31,3,0,0,3,0,0,2,0,1,0,0,0,14,9,0,0,0
https://www.microsoft.com/blog/2024/article,43,2,0,0,5,4,0,1,0,1,0,0,1,17,18,0,0,0
https://www.irctc.co.in/docs/api/reference,42,3,0,0,5,1,0,4,0,1,0,1,0,15,19,0,0,0
https://www.rbi.org.in/contact,29,3,0,0,3,0,0,0,0,1,0,0,0,17,8,0,0,0
http://icicibank.verify.zpzjho.ga/verify,40,3,0,0,3,0,0,2,0,0,0,1,0,26,7,0,0,1
https://www.nseindia.com/search?q=result,40,2,0,0,3,0,0,1,0,1,0,0,0,16,7,0,1,0
http://147.110.242.234/signin/paypal,36,3,3,0,4,12,0,2,0,0,0,1,0,15,14,0,0,1
http://432vmefpzuq8bd5w2asagdy6p.cf/secure-instagram-secure/confirm.php?id=8798,79,4,2,0,4,12,0,0,0,0,0,1,0,28,36,0,1,1
http://amazon.secure.0v5dta.xyz/secure,41,3,0,0,3,2,0,2,0,0,0,1,0,24,7,0,0,1
http://amazon.confirm.b362m9.xyz/confirm,40,6,0,0,3,4,0,2,0,0,0,1,0,25,8,0,0,1
http://amazon-suspend-secure.tk/suspend/index.php,49,2,2,0,4,0,0,0,0,0,0,0,0,24,18,1,0,1
http://sbi-account-secure.tk/account/index.php,46,2,2,0,4,2,0,0,0,0,0,1,0,21,18,1,0,1
http://5sr4q8gktmrg7oy-pxwfw-w18.ml/signin-google-signin/confirm.php?id=6325,76,2,4,0,4,10,0,0,0,0,0,1,0,28,33,1,1,1
http://s8glb92mot070fjjgv83dd-eq.cf/secure-netflix-secure/confirm.php?id=9413,77,2,3,0,4,12,0,0,0,0,0,1,0,28,37,1,1,1
http://my9a6ginsawocisbldogflyrj.xyz/signin-microsoft-signin/confirm.php?id=7909,77,2,2,0,4,6,0,0,0,0,0,1,0,29,36,0,1,1
http://microsoft-login-secure.cf/login/index.php,48,2,2,0,4,0,0,0,0,0,0,1,0,25,16,1,0,1
https://www.nptel.ac.in/news/today,34,3,0,0,4,0,0,2,0,1,0,0,0,15,11,0,0,0
http://icicibank-login-secure.cf/login/index.php,50,2,2,0,4,2,0,0,0,0,0,1,1,25,16,1,0,1
https://www.nptel.ac.in/docs/api/reference,42,3,0,0,5,0,0,2,0,1,0,0,0,15,19,0,0,0
http://zcywu.cf/instagram/suspend/account@instagram.com/suspend.php,67,3,0,0,6,0,1,0,0,0,0,1,0,8,52,0,0,1
https://www.microsoft.com/verify/kqviifrchy?ref=email&utm_id=8063,65,2,0,1,4,4,0,1,0,1,0,1,1,17,18,0,2,0
https://www.microsoft.com/contact,35,2,0,0,3,0,0,0,0,1,0,0,1,18,8,0,0,0
http://p1bn95q4fbr3vzar74y6vl0zi.top/confirm-hdfcbank-confirm/confirm.php?id=3307,83,0,2,0,4,13,0,0,0,0,0,1,0,29,37,0,1,1
https://www.galgotiasuniversity.edu.in/,39,3,0,0,3,0,0,2,0,1,0,0,0,30,1,0,0,0
http://is.gd/DuAt0eB,20,0,0,0,3,1,0,0,0,0,0,0,1,5,8,0,0,1
https://www.galgotiasuniversity.edu.in/user/profile/settings,60,3,0,0,5,3,0,2,0,1,0,0,0,30,22,0,0,0
https://www.microsoft.com/about,31,2,0,0,3,0,0,1,1,1,0,0,0,17,6,0,0,0
http://ga4l8213-eg39rajjb-42k37g.top/suspend-microsoft-suspend/confirm.php?id=3362,82,2,4,0,4,12,0,2,0,0,0,1,0,29,38,1,1,1
http://paypal.update.84rpu9.ml/update,37,6,0,0,3,1,0,2,0,0,0,1,0,23,7,0,0,1
http://icicibank-verify-secure.info/verify/index.php,51,2,2,0,4,0,0,3,0,0,0,1,0,28,16,1,0,1
https://www.amazon.in/user/profile/settings,43,2,0,0,5,0,0,1,0,0,0,0,0,13,22,0,0,0
https://www.nseindia.com/account/dashboard,42,0,0,0,4,0,0,1,0,1,0,1,0,16,18,0,0,0
http://netflix.confirm.wce77g.xyz/confirm,41,0,0,0,3,2,0,2,0,1,0,0,0,26,8,0,0,1
https://www.ugc.gov.in/user/profile/settings,44,3,0,0,5,0,0,2,0,1,0,0,0,14,22,0,0,0
http://paypal-suspend-secure.xyz/suspend/index.php,50,2,2,0,4,0,0,0,0,0,0,1,0,25,18,1,0,1
http://icicibank.signin.qcyd52.xyz/signin,41,3,0,0,3,2,0,2,0,0,0,1,0,27,7,0,0,1
http://fqsy613vpvtf6zc-lverkqfnb.xyz/account-google-account/confirm.php?id=2467,79,2,3,0,4,9,0,0,0,0,0,1,0,29,36,1,1,1
http://powkd.info/instagram/suspend/account@instagram.com/suspend.php,69,3,0,0,6,0,1,0,0,0,0,1,0,10,52,0,0,1
http://google.confirm.8e49it.xyz/confirm,42,3,0,0,3,3,0,2,0,0,0,1,0,25,8,0,0,1
https://www.irctc.co.in/help/faq,32,2,0,0,4,0,0,2,0,1,0,0,0,15,9,0,0,0
http://43.85.80.17/account/amazon,33,3,1,0,4,8,0,2,1,0,0,1,0,11,15,0,0,1
http://tgw57r81t7jmdj8p2f--dgibt.ga/secure-hdfcbank-secure/confirm.php?id=6598,78,2,7,0,4,11,0,2,0,0,0,1,0,28,35,0,1,1
http://fhcij.info/microsoft/verify/account@microsoft.com/verify.php,67,2,0,0,6,0,1,0,0,0,0,1,0,10,50,0,0,1
http://baxuo.xyz/paypal/verify/account@paypal.com/verify.php,60,3,0,0,6,0,1,0,1,0,0,1,0,9,44,0,0,1
http://qdlmn.click/google/confirm/account@google.com/confirm.php,62,1,0,0,6,0,1,0,0,0,0,1,0,11,46,0,0,1
https://www.icicibank.com/news/today,36,2,0,0,4,0,0,1,0,1,0,0,0,17,11,0,0,0
http://is.gd/bFymqfg,20,1,0,0,3,0,0,0,0,0,0,0,1,5,8,0,0,1
https://www.wikipedia.org/search?q=result,41,1,0,0,3,0,0,1,0,1,0,0,0,17,7,0,1,0
https://www.github.com/news/today,33,1,0,0,4,0,0,1,1,1,0,0,0,14,11,0,0,0
https://www.stackoverflow.com/user/profile/settings,51,2,0,0,5,0,0,1,0,1,0,0,0,21,22,0,0,0
https://www.rbi.org.in/suspend/2zdo74v1qx?ref=email&utm_id=9260,63,3,0,1,4,8,0,2,0,1,0,1,0,14,19,0,2,0
http://hdfcbank-secure-secure.ml/secure/index.php,46,2,2,0,4,0,0,0,0,0,0,1,0,25,14,1,0,1
https://www.medium.com/about,28,2,0,0,3,0,0,1,0,1,0,0,0,14,6,0,0,0
http://cyyfq.top/sbi/signin/account@sbi.com/signin.php,54,4,0,0,6,0,1,0,0,0,0,0,0,9,38,0,0,1
https://www.microsoft.com/search?q=result,41,2,0,0,3,1,0,1,0,1,0,0,1,17,5,0,1,0
https://www.apple.com/account/dashboard,39,3,0,0,4,0,0,1,0,1,0,1,0,13,18,0,0,0
https://www.hdfcbank.com/,25,3,0,0,3,0,0,1,0,1,0,0,0,19,1,0,0,0
https://www.medium.com/blog/2024/article,40,2,0,0,5,3,0,0,0,1,0,0,0,14,18,0,0,0
https://www.ugc.gov.in/products,31,3,0,0,3,0,0,2,0,1,0,0,0,14,9,0,0,0
https://icicibank.com/products,31,1,0,0,3,0,0,0,0,1,0,0,0,13,9,0,0,0
https://www.icicibank.com/about,28,2,0,0,3,0,0,1,0,1,0,0,0,17,6,1,0,0
http://6c407j6r2d7xzljd3w58bnut8.tk/update-icicibank-update/confirm.php?id=3524,79,4,2,0,4,17,0,0,0,0,0,1,0,28,36,0,1,1
https://wikipedia.org/user/profile/settings,43,1,0,0,5,0,0,0,0,1,0,0,0,13,22,0,0,0
http://amazon.secure.5s6y5h.ml/secure,37,3,0,0,3,3,0,4,0,0,0,1,0,21,7,0,0,1
https://nptel.ac.in/,19,2,0,0,3,0,0,0,0,1,0,0,0,11,1,0,0,0
http://fkmxtt2wiq4uwf61069b5jxpg.click/account-icicibank-account/confirm.php?id=8983,84,4,2,0,4,12,0,0,0,0,0,1,0,31,38,0,1,1
https://www.flipkart.com/contact,32,2,0,0,3,0,0,1,0,1,0,0,0,16,6,0,0,0
https://icicibank.com/news/today,32,1,0,0,4,0,0,0,0,1,0,1,0,13,11,0,0,0
https://www.icicibank.com/news/today,36,2,0,0,4,0,0,1,0,1,0,0,1,17,11,1,0,0
https://www.flipkart.com/account/dashboard,42,2,0,0,4,0,0,1,0,1,0,1,1,16,18,0,0,0
https://www.aicte-india.org/,28,2,1,0,3,0,0,1,0,1,0,0,0,21,1,1,0,0
https://www.icicibank.com/blog/2024/article,40,2,0,0,5,4,0,1,0,1,0,0,0,17,18,0,0,0
https://www.nseindia.com/search?q=result,40,2,0,0,3,0,0,0,0,1,0,0,0,16,7,1,1,0
http://v-3beewg52-j86berp0iw1uop.cf/confirm-hdfcbank-confirm/confirm.php?id=5072,80,2,6,0,4,11,0,3,0,0,0,0,0,28,37,1,1,1
http://cutt.ly/kaa0yat,22,1,0,0,3,1,0,0,0,0,0,0,1,7,8,0,0,1
http://hdfcbank-update-secure.info/update/index.php,51,2,2,0,4,0,0,0,0,1,0,1,0,27,17,1,0,1
https://github.com/,19,1,0,0,3,0,0,0,0,1,0,0,0,10,1,0,0,0
http://x6apmxd7lrga3qvqo4jnmzl96.xyz/confirm-paypal-confirm/confirm.php?id=9306,79,2,2,0,4,10,0,0,0,0,0,1,1,29,35,0,1,1
https://www.aicte-india.org/news/today,38,2,0,0,4,0,0,1,0,1,0,0,0,19,11,1,0,0
https://www.wikipedia.org/confirm/vc7hr?ref=email&utm_id=2310,61,2,0,1,4,5,0,4,0,1,0,1,0,17,14,1,2,0
http://184.42.246.42/suspend/hdfcbank,37,3,0,0,4,10,0,5,1,0,0,1,0,13,17,0,0,1
https://www.apple.com/news/today,32,2,0,0,4,0,0,1,0,1,0,0,0,13,11,1,0,0
https://www.linkedin.com/secure/vv4zwl3zy?ref=email&utm_id=9740,63,2,0,1,4,6,0,1,0,1,0,1,0,16,17,0,2,0
http://google.account.9bxlso.click/account,42,1,0,0,3,1,0,2,0,0,0,1,0,27,8,0,0,1
https://www.amazon.in/contact,29,2,0,0,3,0,0,1,0,1,0,0,0,13,8,0,0,0
http://qrhud.top/paypal/login/account@paypal.com/login.php,56,3,3,0,6,1,1,0,0,0,0,1,0,9,43,0,0,1
https://www.hdfcbank.com/user/profile/settings,46,2,0,0,5,0,0,2,0,1,0,1,0,16,22,0,0,0
https://nseindia.com/about,26,1,0,0,3,0,0,0,0,1,0,0,0,12,6,0,0,0
https://www.nptel.ac.in/account/dashboard,41,3,3,0,4,0,0,2,0,1,0,1,0,15,18,0,0,0
http://175.187.246.234/secure/google,36,3,0,0,4,12,0,2,1,0,0,1,0,18,14,0,0,1
https://www.google.com/about,28,2,0,0,3,0,0,1,0,1,0,0,0,14,6,0,0,0
http://cutt.ly/uosp592,22,0,0,0,3,3,0,0,0,0,0,0,1,7,8,0,0,1
https://www.stackoverflow.com/products,38,2,3,0,3,3,0,1,0,1,0,0,0,21,9,0,0,0
https://ugc.gov.in/docs/api/reference,37,2,0,0,5,0,0,1,0,1,0,0,0,10,19,0,0,0
http://microsoft.verify.qlezz1.top/verify,40,3,0,0,3,1,0,2,0,0,0,1,0,27,7,0,0,1
http://microsoft-login-secure.cf/login/index.php,48,2,2,0,4,0,0,0,0,0,0,1,0,25,16,1,0,1
http://cutt.ly/B9brbdd,22,1,0,0,3,1,0,0,0,0,0,0,1,7,8,0,0,1
https://www.aicte-india.org/products,36,2,1,0,3,0,0,1,0,1,0,0,0,19,9,1,0,0
http://wgsuk-5jw65w598lovfbhhp6c.info/suspend-google-suspend/confirm.php?id=7840,80,4,3,0,4,11,0,0,0,0,0,1,0,30,35,1,1,1
http://160.132.7.166/update/google,34,3,0,0,4,10,0,2,1,0,0,1,0,13,14,0,0,1
https://www.amazon.in/blog/2024/article,39,2,3,0,5,4,0,4,0,1,0,0,0,13,18,0,0,0
http://rzbmg.xyz/google/signin/account@google.com/signin.php,60,3,0,0,6,0,1,0,0,0,0,1,0,9,44,0,0,1
https://www.amazon.in/docs/api/reference,40,2,0,0,5,0,0,1,0,1,0,0,1,13,19,0,0,0
https://www.wikipedia.org/verify/0w9ry79k?ref=email&utm_id=6185,63,2,0,1,4,8,0,1,0,0,0,1,0,17,16,0,2,0
http://paypal.signin.fkcggx.info/signin,39,3,0,0,3,0,0,2,0,0,0,1,0,25,7,0,0,1
https://www.rbi.org.in/news/today,33,3,2,0,4,0,0,2,0,1,0,0,0,14,11,0,0,0
http://lqevr.xyz/sbi/suspend/account@sbi.com/suspend.php,56,3,0,0,6,0,1,0,1,0,0,1,0,9,40,0,0,1
http://icicibank-secure-secure.top/secure/index.php,51,2,2,0,4,0,0,0,0,0,0,1,0,24,17,1,0,1
http://sbi.confirm.bu9w3g.xyz/confirm,37,3,0,0,3,2,0,2,0,0,0,1,0,22,8,0,0,1
https://www.amazon.in/docs/api/reference,40,2,0,0,5,0,0,1,0,0,0,0,0,13,19,0,0,0
https://www.rbi.org.in/about,28,3,0,0,3,0,0,2,0,1,0,0,0,14,6,0,0,0
http://google.account.2grrdn.click/account,42,3,0,0,3,1,0,2,0,0,0,1,0,27,8,0,0,1
http://ieqsg.click/sbi/login/account@sbi.com/login.php,54,3,0,0,6,0,1,0,0,0,0,1,0,11,36,0,0,1
https://www.ugc.gov.in/products,31,3,0,0,3,0,0,2,0,1,0,0,0,14,8,0,0,0
https://www.rbi.org.in/products,31,3,0,0,3,0,0,2,0,1,0,0,0,14,9,0,0,0
https://github.com/news/today,30,1,0,0,4,0,0,0,0,1,0,0,0,10,11,0,0,0
http://netflix-secure-secure.tk/secure/index.php,48,2,2,0,4,0,0,0,0,0,0,1,0,24,17,1,0,1
https://www.nseindia.com/news/today,35,2,0,0,4,0,0,1,0,1,0,0,0,16,13,0,0,0
https://www.ugc.gov.in/blog/2024/article,40,3,0,0,5,4,0,2,0,1,0,0,0,14,18,0,0,0
https://www.linkedin.com/signin/uadv?ref=email&utm_id=5990,58,2,0,1,4,4,0,1,1,1,0,1,0,16,12,0,2,0
http://wcgim.click/amazon/account/account@amazon.com/account.php,66,3,0,0,6,0,1,0,0,0,0,1,1,11,46,0,0,1
https://www.galgotiasuniversity.edu.in/docs/api/reference,57,3,0,0,5,0,0,2,0,1,0,0,0,30,19,0,0,0
https://www.irctc.co.in/account/00h64fgwj?ref=email&utm_id=2877,63,3,0,1,4,8,0,2,0,1,0,1,0,15,18,0,2,0
http://ypdtt.ml/instagram/account/account@instagram.com/account.php,67,3,1,0,6,0,1,0,0,0,0,0,0,8,52,0,0,1
https://www.github.com/suspend/i8bixo?ref=email&utm_id=4850,59,2,0,1,4,5,0,1,0,1,0,0,0,15,15,0,2,0
https://paypalsdycqno.net/account/index.html,44,2,2,0,4,0,0,0,0,1,0,1,0,17,19,0,0,1
http://cutt.ly/Bro2bmy,22,1,0,0,3,4,0,0,0,0,0,0,1,7,8,0,0,1
https://www.hdfcbank.com/,26,2,0,0,3,0,0,4,0,1,0,0,0,16,1,0,0,0
http://cutt.ly/haD27zh,24,1,0,0,3,2,0,0,0,0,0,0,1,7,8,0,0,1
https://www.irctc.co.in/blog/2024/article,41,3,0,0,5,2,0,2,0,1,0,0,0,15,18,0,0,0
https://icicibankgnzufaoc.co/account/index.html,48,2,0,0,4,0,0,0,0,1,0,1,1,20,18,0,0,1
http://16.179.52.27/secure/amazon,33,5,0,0,4,9,0,2,1,0,0,1,0,12,14,0,0,1
http://tinyurl.com/jp84w0i,26,1,0,0,3,3,0,0,0,0,0,0,1,11,8,0,0,1
https://www.medium.com/user/profile/settings,44,2,0,0,5,0,0,1,0,0,0,0,0,14,22,0,0,0
https://www.github.com/user/profile/settings,44,2,0,0,5,0,0,1,0,1,0,0,0,14,22,0,0,0
https://www.icicibank.com/blog/2024/article,43,2,0,0,5,4,0,1,0,0,0,0,0,17,18,0,0,0
http://amazon.update.gbj72b.click/update,40,3,0,0,3,2,0,2,0,0,0,1,0,26,7,0,0,1
http://fsfps.ml/google/verify/account@google.com/verify.php,59,3,0,0,6,0,1,0,1,0,0,1,0,8,44,0,0,1
https://galgotiasuniversity.edu.in/blog/2024/article,52,0,0,0,5,2,0,1,1,1,0,0,0,26,18,0,0,0
https://www.icicibank.com/,26,2,0,0,3,0,0,1,0,1,0,0,0,16,1,0,0,0
http://google.confirm.qty6m7.click/confirm,42,3,0,0,3,2,0,2,0,0,0,0,0,27,8,0,0,1
https://www.flipkart.com/docs/api/reference,43,2,0,0,5,0,0,2,0,1,0,0,1,16,19,0,0,0
https://www.nseindia.com/news/today,35,2,0,0,4,0,0,1,0,1,0,0,0,16,11,0,0,0
https://galgotiasuniversity.edu.in/about,43,2,0,0,3,0,0,1,1,0,0,0,0,26,9,0,0,0
http://wra8jzq3omos07djin-rg5xw3.info/account-sbi-account/confirm.php?id=1594,77,2,0,0,4,10,0,0,0,0,0,1,0,30,32,0,1,1
http://jbvnh.ml/netflix/signin/account@netflix.com/signin.php,61,3,1,0,6,0,1,0,0,0,0,1,0,9,46,0,0,1
http://vmhelx9ivi4srasd1xdsw69jq.cf/update-netflix-update/confirm.php?id=4165,77,2,2,0,4,9,0,0,0,0,0,1,0,28,34,0,1,1
http://sdicj.info/microsoft/signin/account@microsoft.com/signin.php,67,4,0,0,6,0,1,0,0,0,0,1,0,8,50,0,0,1
http://icicibank.confirm.acotfv.top/confirm,43,3,0,0,3,0,0,1,0,0,0,1,0,28,8,0,0,1
https://icicibankprdmmi.net/account/index.html,46,2,0,0,4,0,0,0,0,1,0,1,0,19,19,1,0,1
http://80.157.191.244/login/microsoft,36,3,0,0,4,11,0,2,1,0,0,1,0,14,15,0,0,1
https://www.aicte-india.org/about,33,2,1,0,3,0,0,1,1,1,0,0,0,19,6,1,0,0
https://www.hdfcbank.com/account/gbmf?ref=email&utm_id=1531,59,2,0,1,4,4,0,1,0,1,0,1,0,16,13,0,2,0
https://www.microsoft.com/products,37,2,0,0,3,3,0,0,0,1,0,1,1,17,9,0,0,0
http://tinyurl.com/Eyo0z20,26,1,0,0,3,3,0,0,0,0,0,0,1,11,8,0,0,1
http://haewp.tk/netflix/confirm/account@netflix.com/confirm.php,63,3,0,0,6,0,1,0,0,0,0,1,0,8,48,0,0,1
http://amazon-signin-secure.click/signin/index.php,50,2,2,0,4,0,0,0,0,0,0,1,0,26,17,1,0,1
http://instagram-update-secure.ml/update/index.php,50,2,2,0,4,0,0,0,0,0,0,1,0,24,17,0,0,1
https://www.ugc.gov.in/about,28,3,0,0,3,0,0,0,0,1,0,0,0,14,6,0,0,0
https://www.stackoverflow.com/help/faq,38,2,0,0,4,0,0,1,1,1,0,0,0,21,8,0,0,0
http://netflix.confirm.7tcatp.click/confirm,42,3,0,0,3,1,0,2,0,1,0,1,0,28,8,0,0,1
https://www.aicte-india.org/login/dq55it9b?ref=email&utm_id=7347,64,2,1,1,4,7,0,1,0,1,0,1,0,19,15,1,2,0
http://amazon-login-secure.tk/login/index.php,45,2,2,0,4,0,0,0,0,0,0,1,0,22,16,1,0,1
http://icicibank-signin-secure.xyz/signin/index.php,51,2,3,0,4,0,0,0,0,0,0,1,0,27,17,1,0,1
http://nawos.top/paypal/secure/account@paypal.com/secure.php,60,0,0,0,6,0,1,0,1,0,0,1,0,9,44,0,0,1
https://www.hdfcbank.com/contact,32,4,0,0,3,0,0,1,0,1,0,0,0,16,8,0,0,0
https://www.apple.com/user/profile/settings,43,2,0,0,5,0,0,1,0,1,0,0,0,13,22,0,0,0
https://www.medium.com/news/today,33,2,0,0,4,0,0,1,0,1,0,0,0,14,11,0,0,0
https://icicibank.com/account/dashboard,39,1,0,0,4,0,0,0,1,1,0,1,0,15,18,1,0,0
https://sbixzvlw.net/account/index.html,39,2,0,0,4,0,0,0,1,1,0,1,0,12,19,0,0,1
http://9mp1sutxof44qe7jixub5ibii.cf/verify-amazon-verify/confirm.php?id=3500,76,2,5,0,4,10,0,0,0,0,0,1,0,25,33,1,1,1
http://fqobo.xyz/sbi/verify/account@sbi.com/verify.php,54,3,0,0,6,0,1,0,0,0,0,1,0,9,38,0,0,1
https://icicibankneyodjkzy.co/account/index.html,48,2,0,0,4,0,0,0,0,1,0,1,0,21,19,0,0,1
https://www.rbi.org.in/help/faq,31,3,3,0,4,0,0,2,0,1,0,0,0,14,9,0,0,0
https://github.com/blog/2024/article,36,1,3,0,5,4,0,0,0,1,0,0,0,10,19,0,0,0
https://www.nptel.ac.in/news/today,34,3,0,0,4,0,0,2,0,1,0,0,0,15,11,0,0,0
https://www.microsoft.com/,26,2,0,0,3,2,0,1,1,1,0,0,1,17,1,1,0,0
http://microsoft-suspend-secure.tk/suspend/index.php,52,2,2,0,4,0,0,0,0,0,0,1,0,27,18,1,0,1
http://netflix-verify-secure.click/verify/index.php,51,2,2,0,4,0,0,0,0,0,0,1,0,27,17,1,0,1
https://www.google.com/user/profile/settings,44,2,0,0,5,0,0,1,0,1,0,0,1,17,22,1,0,0
https://www.hdfcbank.com/help/faq,33,2,2,0,4,0,0,1,1,0,0,0,0,16,9,0,0,0
http://paypal.login.e9zkih.tk/login,35,3,0,0,3,1,0,5,0,0,0,1,0,22,6,0,0,1
https://icicibank.com/user/profile/settings,43,1,0,0,5,0,0,0,0,1,0,0,0,13,24,0,0,0
http://238.153.32.28/suspend/hdfcbank,37,5,0,0,4,10,0,2,1,0,0,0,0,13,17,0,0,1
http://11ex-k0f5eqn8zdnh72sp6poa.top/login-amazon-login/confirm.php?id=1941,75,2,3,0,4,12,0,1,0,0,0,1,0,29,31,0,1,1
https://microsoftycyoqdyyv.co/account/index.html,48,4,0,0,4,0,0,0,0,1,0,1,0,21,19,0,0,1
http://bit.ly/b19BE5y,21,1,0,0,3,3,0,0,0,0,0,0,1,5,8,0,0,1
http://is.gd/kAEAx88,20,1,0,0,3,2,0,0,0,0,0,0,1,5,8,0,0,1
https://www.microsoft.com/blog/2024/article,43,2,0,0,5,4,0,1,1,1,0,0,1,17,18,0,0,0
http://giidi.click/amazon/login/account@amazon.com/login.php,60,3,0,0,6,0,1,0,0,0,0,1,0,11,43,0,0,1
http://google-signin-secure.xyz/signin/index.php,48,2,2,0,4,1,0,0,0,0,0,1,0,24,17,1,0,1
https://stackoverflow.com/products,34,1,0,0,3,0,0,0,0,1,0,0,0,17,9,0,0,0
https://nptel.ac.in/user/profile/settings,41,2,0,0,5,0,0,0,0,1,0,0,0,11,20,0,0,0
http://fn4eh92a4rkgj0pxj1t3fp779.xyz/suspend-netflix-suspend/confirm.php?id=9456,80,2,2,0,4,14,0,0,0,1,0,1,0,29,36,0,1,1
https://www.google.com/,23,2,0,0,3,2,0,1,0,1,0,0,0,14,4,0,0,0
http://fg9qjvsn9lpz968n04a9w5y8z.ml/signin-amazon-signin/confirm.php?id=4926,76,2,2,0,4,14,0,0,0,0,0,1,0,28,33,0,1,1
https://www.medium.com/docs/api/reference,41,2,0,0,5,0,0,1,1,0,0,0,0,14,19,0,0,0
http://46.145.3.33/account/icicibank,36,3,0,0,4,8,0,2,1,1,0,1,0,11,18,0,0,1
http://icicibank.secure.t8dl8f.ga/secure,40,3,0,0,3,2,0,2,0,0,0,1,0,26,5,0,0,1
https://stackoverflow.com/docs/api/reference,44,2,0,0,5,0,0,0,0,1,0,0,0,17,19,0,0,0
http://0t5-ddzn2f1gq9bpg3s1uokqk.click/confirm-amazon-confirm/confirm.php?id=5441,81,2,3,0,4,11,0,0,0,0,0,1,1,31,37,1,1,1
https://github.com/docs/api/reference,37,1,0,0,5,0,0,0,0,1,0,1,0,10,18,0,0,0
https://ugc.gov.in/,19,2,0,0,3,0,0,1,0,1,0,0,0,10,1,0,0,0
https://www.irctc.co.in/search?q=result,39,4,0,0,3,0,0,2,0,1,0,0,0,15,7,0,1,0
https://galgotiasuniversity.edu.in/help/faq,43,2,0,0,4,0,0,1,0,1,0,0,0,26,9,0,0,0
http://microsoft.login.ctw689.ga/login,38,3,0,0,3,3,0,2,0,0,0,1,0,25,6,0,0,1
https://www.nseindia.com/confirm/zei3zrrh?ref=email&utm_id=3641,63,2,0,1,4,5,0,1,0,1,0,1,0,16,14,0,2,0
https://www.microsoft.com/products,34,2,2,0,3,0,0,1,0,1,0,0,1,17,9,0,0,0
https://www.flipkart.com/news/today,35,2,0,0,4,0,0,1,0,1,0,0,1,16,13,0,0,0
https://www.galgotiasuniversity.edu.in/,39,3,0,0,3,0,0,2,0,0,0,0,0,30,1,0,0,0
https://www.nptel.ac.in/blog/2024/article,41,3,0,0,5,4,0,2,0,1,0,0,0,15,18,0,0,0
https://www.nptel.ac.in/account/dashboard,41,3,0,0,4,0,0,2,0,1,0,1,0,15,18,0,0,0
https://www.irctc.co.in/blog/2024/article,41,3,0,0,5,4,0,2,0,0,0,0,0,15,18,0,0,0
https://www.github.com/secure/qldb?ref=email&utm_id=5127,56,2,0,1,4,4,0,0,0,1,0,1,0,14,12,0,2,0
https://www.stackoverflow.com/about,35,2,0,0,3,0,0,1,0,1,0,0,0,22,6,0,0,0
https://microsoft.com/products,30,1,0,0,3,0,0,0,0,1,0,0,1,13,9,0,0,0
https://www.aicte-india.org/confirm/41qesla?ref=email&utm_id=4452,65,0,1,1,4,6,0,1,0,1,0,1,0,19,16,1,2,0
http://google-signin-secure.ml/signin/index.php,47,2,2,0,4,0,0,0,0,0,0,1,0,23,16,1,0,1
http://108.163.234.245/confirm/sbi,34,3,0,0,4,12,0,2,1,0,0,1,0,15,12,0,0,1
https://www.galgotiasuniversity.edu.in/about,44,3,0,0,3,0,0,2,0,1,0,0,0,30,6,0,0,0
http://google.signin.fvwj7y.tk/signin,35,3,0,0,3,1,0,2,0,0,0,1,0,23,7,0,0,1
http://amazon.secure.p1earp.xyz/secure,38,3,0,0,3,1,0,2,0,0,0,1,0,24,7,0,0,1
http://sbi-account-secure.ga/account/index.php,46,2,2,0,4,0,0,0,0,0,0,1,0,21,18,1,0,1
https://www.medium.com/blog/2024/article,40,2,0,0,5,7,0,1,0,1,0,0,0,14,18,1,0,0
http://x6l5rmwvoxiv-iw7l12wcnkfh.top/confirm-icicibank-confirm/confirm.php?id=1621,82,2,3,0,4,9,0,0,0,0,0,1,0,29,38,1,1,1
https://nptel.ac.in/about,25,2,0,0,3,0,0,1,0,1,0,0,0,12,6,0,0,0
http://ziwez-sud7eomb-upeppomg5u.xyz/confirm-instagram-confirm/confirm.php?id=5976,82,2,4,0,4,6,0,0,0,0,0,1,0,29,38,0,1,1
https://github.com/help/faq,27,1,0,0,4,0,0,0,0,0,0,0,1,10,9,0,0,0
https://www.microsoft.com/contact,33,2,0,0,3,0,0,1,0,1,0,0,1,17,8,0,0,0
https://www.nseindia.com/products,33,2,0,0,3,0,0,1,0,1,0,0,0,16,9,0,0,0
http://fklil.info/hdfcbank/confirm/account@hdfcbank.com/confirm.php,67,3,0,0,6,0,1,0,0,0,0,0,0,10,52,0,0,1
http://r-8scr7w-59ju64myty4vz32j.ml/verify-netflix-verify/confirm.php?id=1364,77,2,3,0,4,11,0,0,0,0,0,1,0,28,34,1,1,1
http://40.212.195.105/suspend/netflix,37,2,0,0,4,11,0,2,1,0,0,1,0,14,16,0,0,1
http://bit.ly/ydB67Bm,21,1,0,0,3,2,0,0,0,0,0,0,1,6,8,0,0,1
https://www.apple.com/user/profile/settings,43,2,0,0,5,0,0,0,0,1,0,0,0,13,22,0,0,0
https://www.amazon.in/news/today,32,2,0,0,4,0,0,1,0,1,0,0,0,13,11,0,0,0
https://www.apple.com/help/faq,30,2,0,0,4,0,0,1,0,1,0,0,0,13,9,0,0,0
https://www.apple.com/account/dashboard,39,1,0,0,4,0,0,1,0,1,0,1,0,13,18,0,0,0
https://www.ugc.gov.in/news/today,32,3,0,0,4,0,0,2,0,1,0,0,0,14,11,0,0,0
http://cutt.ly/Fkoy5zg,22,1,0,0,3,1,0,0,0,0,0,0,1,7,11,0,0,1
https://www.galgotiasuniversity.edu.in/docs/api/reference,57,3,0,0,5,0,0,2,0,1,0,0,0,32,19,0,0,0
https://flipkart.com/docs/api/reference,39,1,0,0,5,0,0,0,0,1,0,0,0,12,19,0,0,0
https://instagramvzpsbuk.net/account/index.html,50,2,0,0,4,0,0,1,0,1,0,1,0,20,19,0,0,1
http://paypal-signin-secure.top/signin/index.php,48,2,2,0,4,0,0,0,0,0,0,1,0,24,17,1,0,1
http://microsoft-confirm-secure.top/confirm/index.php,52,4,3,0,4,0,0,0,1,0,0,1,0,28,18,1,0,1
http://w68hn8-hnhvm77sakxxo-0kcv.ml/signin-google-signin/confirm.php?id=1498,76,2,4,0,4,10,0,0,0,0,0,1,0,28,33,1,1,1
https://www.flipkart.com/suspend/pchcbn9w?ref=email&utm_id=9536,63,2,0,1,4,5,0,1,0,1,0,1,1,16,17,0,2,0
https://www.icicibank.com/blog/2024/article,43,2,3,0,5,4,0,1,0,0,0,0,0,17,18,0,0,0
https://www.aicte-india.org/products,36,2,1,0,3,0,0,0,0,1,0,0,0,19,9,1,0,0
https://googlexbyiop.com/account/index.html,43,4,0,0,4,0,0,0,0,1,0,1,0,16,19,0,0,1
http://amazon.update.qnal6o.xyz/update,38,3,0,0,3,1,0,2,0,0,0,1,0,24,7,0,0,1
http://ayiooc3yi4rnc13blv38ynp0c.top/confirm-instagram-confirm/confirm.php?id=6606,82,2,2,0,4,11,0,0,0,0,0,1,0,29,38,0,1,1
https://hdfcbankawtoucyqo.co/account/index.html,47,2,0,0,4,0,0,0,0,1,0,1,0,20,19,0,0,1
http://google.confirm.bnbor7.top/confirm,40,3,0,0,3,1,0,2,0,0,0,1,0,24,8,0,0,1
https://www.apple.com/,22,2,0,0,3,1,0,1,0,1,0,0,0,13,1,0,0,0
https://www.icicibank.com/user/profile/settings,50,2,0,0,5,0,0,1,0,1,0,0,0,17,22,0,0,0
https://www.github.com/search?q=result,37,2,0,0,3,0,0,1,0,1,0,1,0,14,7,0,1,0
https://microsofteippxp.com/account/index.html,46,2,0,0,4,0,0,0,0,1,0,1,0,19,19,0,0,1
https://www.ugc.gov.in/news/today,33,3,0,0,4,0,0,5,1,1,0,0,0,14,11,0,0,0
https://www.nptel.ac.in/help/faq,32,3,0,0,4,0,0,2,0,1,0,0,0,15,9,0,0,0
https://paypaleibctrmn.net/account/index.html,45,4,0,0,4,0,0,0,0,1,0,1,0,18,16,0,0,1
https://www.github.com/search?q=result,38,2,0,0,3,0,0,1,0,1,0,0,0,13,7,0,1,0
http://9.6.105.63/confirm/sbi,29,3,0,0,4,7,0,0,1,0,0,1,1,10,12,0,0,1
http://microsoft.signin.wqfk6x.cf/signin,40,3,0,0,3,1,0,2,0,0,0,1,0,26,7,0,0,1
https://microsoft.com/help/faq,30,1,0,0,4,0,0,0,0,1,0,0,1,12,9,0,0,0
https://www.medium.com/update/d3go8jn42?ref=email&utm_id=3732,61,0,0,1,4,8,0,1,0,1,0,1,0,14,17,0,2,0
https://www.google.com/search?q=result,38,5,0,0,3,0,0,1,0,1,0,0,0,14,7,0,1,0
https://www.galgotiasuniversity.edu.in/contact,46,3,0,0,3,0,0,5,0,1,0,0,0,30,8,0,0,0
http://cutt.ly/3bf4nFv,22,1,2,0,3,2,0,0,0,0,0,0,1,7,8,0,0,1
https://github.com/account/dashboard,36,1,0,0,4,0,0,0,0,1,0,1,1,10,18,0,0,0
http://cutt.ly/z51l05B,22,1,0,0,3,7,0,1,0,0,0,0,1,7,8,0,0,1
http://135.129.43.194/account/sbi,33,3,0,0,4,11,0,2,1,0,0,1,1,14,12,0,0,1
https://www.icicibank.com/account/7ujodck?ref=email&utm_id=2917,63,2,0,1,4,5,0,1,0,1,0,1,0,17,16,0,2,0
http://166.52.46.142/update/netflix,35,3,0,0,4,10,0,2,1,0,0,1,0,16,15,1,0,1
http://zz06ynit83834ba-iodv3lrm6.cf/suspend-netflix-suspend/confirm.php?id=4441,79,2,3,0,4,13,0,0,0,0,0,1,0,28,36,1,1,1
http://178.67.85.129/confirm/instagram,38,3,0,0,4,10,0,2,1,0,0,1,0,13,18,0,0,1
http://hdfcbank.suspend.d3imz9.cf/suspend,41,3,0,0,3,2,0,2,0,0,0,1,0,26,11,0,0,1
http://197.38.243.118/suspend/microsoft,39,3,0,0,4,11,0,2,1,0,0,0,0,14,19,0,0,1
https://www.wikipedia.org/search?q=result,41,2,0,0,3,0,0,1,0,1,0,0,0,17,5,0,1,0
https://www.nseindia.com/account/jna9zn9i9h?ref=email&utm_id=2539,65,2,0,1,4,7,0,1,0,1,0,1,0,16,19,0,2,0
http://bit.ly/9g2oEFB,21,0,0,0,3,2,0,0,0,0,0,0,1,6,8,1,0,1
http://tinyurl.com/BhAmGhs,26,1,0,0,3,0,0,0,0,0,0,0,1,11,8,0,0,1
http://amazon-verify-secure.xyz/verify/index.php,48,2,2,0,4,0,0,0,0,0,0,1,0,24,17,1,0,1
https://www.irctc.co.in/about,29,3,0,0,3,0,0,2,0,1,0,0,0,15,6,0,0,0
http://91-y308merbzeawinmwht22hd.ga/suspend-sbi-suspend/confirm.php?id=8298,75,2,3,0,4,8,0,0,0,0,0,1,0,28,32,1,1,1
https://www.nseindia.com/help/faq,33,0,0,0,4,0,0,1,0,1,0,0,0,16,9,0,0,0
https://google.com/contact,25,1,0,0,3,0,0,0,0,1,0,0,0,10,8,0,0,0
https://www.irctc.co.in/contact,31,3,0,0,3,0,0,2,0,1,0,1,0,13,8,0,0,0
https://www.apple.com/docs/api/reference,37,2,0,0,5,0,0,1,0,1,0,0,0,13,19,0,0,0
https://paypalspseoejlp.net/account/index.html,46,2,0,0,4,0,0,0,0,1,0,1,0,22,19,0,0,1
https://www.hdfcbank.com/contact,32,2,0,0,3,0,0,1,0,1,0,0,0,16,8,0,0,0
http://on4w-hy7i73r3cxtkzsdirl59.cf/secure-icicibank-secure/confirm.php?id=2999,79,2,3,0,4,10,0,0,0,0,0,1,0,28,33,1,1,1
http://bit.ly/y0nnj01,21,1,0,0,3,3,0,0,0,1,0,0,1,6,8,0,0,1
https://www.amazon.in/search?q=result,37,2,0,0,3,0,0,1,0,1,0,0,0,13,7,0,1,0
https://www.nptel.ac.in/help/faq,32,3,0,0,4,0,0,2,0,1,0,0,0,17,9,0,0,0
http://sbi.account.mbwu5j.ga/account,36,3,0,0,3,1,0,2,0,0,0,1,0,21,8,0,0,1
https://www.google.com/account/dashboard,40,2,0,0,4,0,0,4,0,1,0,1,0,14,18,0,0,0
https://linkedin.com/products,29,1,0,0,3,0,0,0,0,1,0,0,0,15,9,0,0,0
https://www.apple.com/suspend/4kmusoz?ref=email&utm_id=2752,59,2,1,1,4,5,0,1,0,1,0,1,0,13,16,0,2,0
http://139.111.143.143/account/instagram,40,5,0,0,4,9,0,2,1,0,0,1,0,15,18,0,0,1
https://www.galgotiasuniversity.edu.in/account/dashboard,53,3,0,0,4,0,0,2,0,1,0,1,0,30,18,0,0,0
https://apple.com/search?q=result,33,0,0,0,3,0,0,0,0,1,0,0,0,9,7,0,1,0
https://icicibankmhaklnv.co/account/index.html,46,2,0,0,4,0,0,3,0,1,0,1,0,19,19,0,0,1
https://www.amazon.in/search?q=result,37,2,0,0,3,0,0,1,0,1,0,0,0,13,7,0,1,0
https://hdfcbank.com/products,29,0,0,0,3,0,0,0,0,1,0,0,0,12,9,0,0,0
https://icicibankaabhqrmk.co/account/index.html,47,2,0,0,4,0,0,0,0,1,0,1,0,20,19,1,0,1
https://www.nseindia.com/contact,30,2,0,0,3,1,0,1,0,1,0,0,0,16,8,0,0,0
https://www.microsoft.com/about,31,2,0,0,3,0,0,1,0,1,0,0,1,17,6,0,0,0
https://www.ugc.gov.in/blog/2024/article,41,5,0,0,5,4,0,2,1,1,0,0,0,14,18,0,0,0
http://tydgi.xyz/paypal/suspend/account@paypal.com/suspend.php,62,3,0,0,6,0,1,0,1,1,0,1,0,12,46,0,0,1
http://hdfcbank-account-secure.top/account/index.php,52,2,2,0,4,0,0,0,0,0,0,1,0,27,18,1,0,1
http://ewhek.info/icicibank/confirm/account@icicibank.com/confirm.php,69,2,0,0,6,0,1,0,0,0,0,1,0,10,52,0,0,1
https://amazon.in/user/profile/settings,39,1,0,0,5,0,0,0,0,1,0,0,0,9,22,0,0,0
https://www.apple.com/signin/6v4es?ref=email&utm_id=2483,56,4,0,1,4,6,0,1,0,0,0,1,1,13,13,0,2,0
http://236.60.81.210/confirm/microsoft,38,3,0,0,4,13,0,2,1,0,0,0,0,13,15,0,0,1
http://icicibank.account.0hn3f9.ga/account,42,3,0,0,3,3,0,2,0,0,0,1,0,27,8,0,0,1
https://www.ugc.gov.in/about,27,3,0,0,3,0,0,2,1,1,0,0,0,14,6,0,0,0
http://paypal.suspend.ztio4m.info/suspend,41,3,0,0,3,1,0,2,0,0,0,1,0,26,8,0,0,1
https://www.linkedin.com/news/today,35,2,0,0,4,0,0,2,1,1,0,0,0,16,11,0,0,0
http://microsoft.secure.6spd2s.info/secure,42,3,0,0,3,2,0,2,0,0,0,1,1,28,5,1,0,1
https://www.hdfcbank.com/blog/2024/article,42,2,0,0,5,4,0,0,0,1,0,0,0,16,18,0,0,0
https://microsoftwkfixof.net/account/index.html,47,2,0,0,4,0,0,0,0,1,0,1,0,20,18,0,0,1
http://uk26v3596e53i22pu9cxaufxq.cf/secure-amazon-secure/confirm.php?id=7843,76,2,2,0,4,15,0,0,0,0,0,1,0,28,33,0,1,1
http://pdlsj.top/paypal/update/account@paypal.com/update.php,60,3,0,0,6,0,1,0,0,0,0,1,0,9,44,0,0,1
https://www.wikipedia.org/about,31,2,0,0,3,0,0,1,0,1,0,0,0,17,6,0,0,0
http://cuvft.click/icicibank/login/account@icicibank.com/login.php,66,3,0,0,6,0,1,0,0,0,0,1,0,11,48,0,0,1
http://icicibank-confirm-secure.tk/confirm/index.php,52,2,2,0,4,0,0,0,0,0,0,1,0,27,18,1,0,1
https://microsoftjdcix.co/account/index.html,44,2,2,0,4,0,0,0,0,1,0,1,0,17,19,1,0,1
https://www.apple.com/help/faq,30,2,0,0,4,3,0,1,1,1,0,0,0,15,9,0,0,0
http://mamr5v7jzv-nov3dyms2mwnqs.xyz/update-hdfcbank-update/confirm.php?id=2234,80,2,3,0,4,8,0,0,0,0,0,1,0,29,35,1,1,1
https://www.galgotiasuniversity.edu.in/news/today,49,6,1,0,4,0,0,2,1,1,0,0,0,30,11,0,0,0
http://is.gd/E1qau2v,20,1,0,0,3,2,0,0,0,0,0,0,1,5,8,0,0,1
http://167.90.111.123/account/netflix,37,3,0,0,4,14,0,2,1,0,0,1,0,14,16,0,0,1
https://wikipedia.org/docs/api/reference,40,1,0,0,5,0,0,0,0,1,0,0,0,13,19,0,0,0
https://icicibank.com/,22,1,0,0,3,1,0,0,0,1,0,0,0,13,2,0,0,0
https://www.nptel.ac.in/news/today,34,2,0,0,4,0,0,2,0,1,0,0,0,15,11,0,0,0
http://paypal.login.jz6us7.info/login,37,3,0,0,3,2,0,2,0,0,0,1,0,24,4,0,0,1
http://rwazxar7yp702t3ycb4yyn44n.ml/confirm-google-confirm/confirm.php?id=3903,78,2,2,0,4,12,0,0,0,0,0,1,1,28,35,0,1,1
https://ugc.gov.in/blog/2024/article,36,2,0,0,5,4,0,1,0,1,0,0,0,10,18,0,0,0
https://www.irctc.co.in/products,32,4,0,0,3,0,0,2,0,1,0,0,0,15,9,0,0,0
https://www.microsoft.com/products,37,2,0,0,3,0,0,1,0,1,0,0,1,17,9,1,0,0
https://www.stackoverflow.com/account/dashboard,47,2,0,0,4,0,0,1,0,0,0,1,0,21,18,0,0,0
http://qzryt.click/microsoft/update/account@microsoft.com/update.php,68,3,0,0,6,0,1,0,0,0,0,1,0,11,50,0,0,1
https://amazongaqxekdvb.com/account/index.html,44,2,0,0,4,0,0,0,0,1,0,1,0,21,19,0,0,1
https://microsoft.com/,22,1,0,0,3,1,0,3,0,1,0,0,1,13,1,0,0,0
http://djhmxdqdj6cuzda-aml3vncgx.click/update-microsoft-update/confirm.php?id=9162,82,0,3,0,4,6,0,0,0,0,0,1,0,31,36,1,1,1
https://github.com/help/faq,27,1,0,0,4,0,0,1,0,1,0,0,0,10,9,0,0,0
http://kooxu.tk/google/verify/account@google.com/verify.php,59,3,0,0,6,0,1,0,0,0,0,0,0,10,44,0,0,1
https://github.com/search?q=result,32,1,0,0,3,0,0,0,0,1,0,0,0,10,7,0,1,0
http://google-signin-secure.cf/signin/index.php,47,2,2,0,4,0,0,0,0,0,0,1,0,22,17,1,0,1
https://www.hdfcbank.com/products,33,2,0,0,3,2,0,1,0,1,0,0,0,16,12,0,0,0
https://www.ugc.gov.in/contact,30,3,0,0,3,0,0,2,0,1,0,0,0,14,8,0,0,0
https://flipkart.com/user/profile/settings,42,4,0,0,5,0,0,3,0,1,0,0,1,12,22,0,0,0
https://www.github.com/account/koecubo?ref=email&utm_id=2393,60,2,0,1,4,4,0,1,0,1,0,1,1,14,16,0,2,0
http://icicibank-login-secure.tk/login/index.php,51,1,0,0,4,0,0,0,0,1,0,1,0,22,16,1,0,1
http://cyugh.tk/sbi/secure/account@sbi.com/secure.php,53,3,0,0,6,0,1,0,0,0,0,1,0,6,38,0,0,1
http://naypxliepywlu9zkmzvmoedyl.top/suspend-netflix-suspend/confirm.php?id=9798,80,2,2,0,4,5,0,0,0,0,0,1,0,29,36,0,1,1
http://cutt.ly/nqtbx3n,22,1,0,0,3,1,0,0,0,0,0,0,1,7,9,0,0,1
http://usr1v-8rxjvie7dvepsujsy3u.info/secure-sbi-secure/confirm.php?id=4672,75,2,3,0,4,8,0,0,0,0,0,1,0,30,30,1,1,1
http://65.44.112.250/login/icicibank,36,3,0,0,4,10,0,2,1,0,0,1,0,13,16,0,0,1
http://mbcqx.click/google/suspend/account@google.com/suspend.php,64,3,0,0,6,0,1,0,0,0,0,1,0,11,48,0,0,1
https://www.github.com/account/dashboard,40,2,0,0,4,0,0,1,0,1,0,1,0,14,18,0,0,0
http://amazon.login.41sasc.cf/login,35,3,0,0,3,2,0,2,0,0,0,1,0,22,6,0,0,1
https://stackoverflow.com/search?q=result,41,1,0,0,3,0,0,0,0,1,0,0,0,17,7,0,1,0
https://www.apple.com/account/dashboard,39,2,0,0,4,0,0,1,0,1,0,1,0,13,18,0,0,0
http://njtnb.ml/netflix/suspend/account@netflix.com/suspend.php,63,1,0,0,6,0,1,0,0,0,0,1,0,8,48,0,0,1
http://is.gd/ukxlxab,22,1,0,0,3,0,0,0,0,0,0,0,0,5,6,0,0,1
https://www.apple.com/search?q=result,37,2,0,0,3,0,0,1,0,1,0,0,0,13,7,0,1,0
https://www.nseindia.com/docs/api/reference,43,3,0,0,5,0,0,1,0,1,0,0,0,13,19,0,0,0
https://www.aicte-india.org/account/s2fto?ref=email&utm_id=6724,63,2,1,1,4,5,0,2,0,1,0,1,0,19,14,1,2,0
https://www.rbi.org.in/news/today,33,3,0,0,4,0,0,2,0,1,0,1,0,14,11,0,0,0
http://netflix.suspend.lkdyp4.tk/suspend,40,3,0,0,3,1,0,2,0,0,0,1,0,25,8,0,0,1
http://paypal-confirm-secure.info/confirm/index.php,51,1,2,0,4,0,0,0,0,0,0,1,0,26,18,1,0,1
http://paypal.login.t34df1.xyz/login,36,3,0,0,3,3,0,0,0,0,0,1,0,23,6,0,0,1
http://35-2ffq3-4ep0fle2nsr9wxf8.xyz/update-google-update/confirm.php?id=5028,77,2,4,0,4,13,0,0,0,0,0,1,0,29,33,1,1,1
http://microsoft.verify.w8li3i.ga/verify,40,3,0,0,3,2,0,2,0,0,0,1,0,26,9,0,0,1
https://irctc.co.in/help/faq,28,2,0,0,4,0,0,1,1,1,0,0,0,11,11,0,0,0
https://hdfcbankylgexo.net/account/index.html,45,0,0,0,4,0,0,0,0,1,0,1,0,18,19,0,0,1
https://www.amazon.in/news/today,32,1,0,0,4,0,0,1,0,1,0,0,0,13,13,0,0,0
http://kbwal.cf/netflix/verify/account@netflix.com/verify.php,61,3,0,0,6,0,1,0,0,0,0,1,0,8,46,0,0,1
https://nseindia.com/user/profile/settings,42,1,0,0,5,0,0,0,0,0,0,0,0,12,22,0,0,0
http://120.193.170.36/signin/netflix,36,3,0,0,4,11,0,2,1,0,0,1,0,14,15,0,0,1
http://ujnzd.xyz/google/secure/account@google.com/secure.php,60,5,0,0,6,0,1,0,0,0,0,0,0,9,44,0,0,1
http://101.114.57.204/signin/hdfcbank,37,3,0,0,4,14,0,0,1,0,0,1,0,14,16,0,0,1
http://instagram.account.mg7zd3.xyz/account,44,3,0,0,3,2,0,2,0,0,0,1,0,28,8,0,0,1
https://www.wikipedia.org/news/today,36,2,0,0,4,3,0,1,0,1,0,0,0,17,11,0,0,0
https://hdfcbanktvzjkxwdw.com/account/index.html,48,2,0,0,4,0,0,3,0,0,0,1,0,21,19,0,0,1
https://www.medium.com/news/today,33,2,0,0,4,0,0,1,0,1,0,0,0,14,11,0,0,0
http://108.141.183.65/account/icicibank,39,3,0,0,4,11,0,2,0,0,0,1,0,13,18,1,0,1
http://i83palfxzpeek035n9cqphmi6.top/update-netflix-update/confirm.php?id=6120,78,2,2,0,4,8,0,0,0,0,0,1,0,29,34,0,1,1
https://www.stackoverflow.com/docs/api/reference,48,2,0,0,5,0,0,1,0,1,0,0,0,21,19,0,0,0
https://apple.com/search?q=result,33,1,0,0,3,0,0,0,0,1,0,0,0,9,7,0,1,0
http://instagram.confirm.lzms80.click/confirm,45,5,0,0,3,2,0,2,0,0,0,1,0,30,8,0,0,1
https://www.galgotiasuniversity.edu.in/about,44,3,0,0,3,0,0,4,0,1,0,0,0,30,6,0,0,0
http://icvly.click/instagram/suspend/account@instagram.com/suspend.php,70,3,0,0,6,0,1,0,0,1,0,1,0,11,52,0,0,1
https://www.medium.com/help/faq,28,2,1,0,4,0,0,1,0,1,0,0,0,13,11,0,0,0
http://snoha.click/google/login/account@google.com/login.php,60,3,0,0,6,0,1,0,0,0,0,1,0,11,42,0,0,1
https://www.apple.com/docs/api/reference,40,2,0,0,5,0,0,1,0,0,0,0,0,13,19,0,0,0
https://www.nptel.ac.in/update/7bpgyv?ref=email&utm_id=3906,59,3,0,1,4,5,0,1,0,0,0,1,0,15,14,0,2,0
https://www.stackoverflow.com/user/profile/settings,51,2,2,0,5,0,0,2,0,1,0,0,0,21,23,0,0,0
https://www.irctc.co.in/news/today,34,6,0,0,4,0,0,2,0,1,0,0,0,15,11,0,0,0
https://www.medium.com/docs/api/reference,41,2,0,0,5,0,0,1,0,1,0,0,0,15,19,0,0,0
https://www.aicte-india.org/search?q=result,43,2,1,0,3,0,0,1,0,1,0,0,0,19,7,1,1,0
https://www.nseindia.com/user/profile/settings,43,2,0,0,5,2,0,1,0,1,0,0,0,16,22,0,0,0
https://www.github.com/account/dashboard,40,2,0,0,4,0,0,1,0,1,0,1,0,14,18,0,0,0
https://www.linkedin.com/blog/2024/article,42,2,0,0,5,4,0,1,0,1,0,0,0,16,18,0,0,0
https://irctc.co.in/about,25,2,0,0,3,0,0,1,0,1,0,0,0,11,3,0,0,0
https://www.flipkart.com/account/dashboard,42,2,0,0,4,0,0,1,0,1,0,1,1,16,18,0,0,0
http://cutt.ly/65d2qoD,20,1,0,0,3,3,0,1,0,0,0,0,1,7,8,0,0,1
http://tinyurl.com/r2aapxg,26,1,0,0,3,1,0,0,0,0,0,0,1,11,8,0,0,1
https://www.flipkart.com/contact,31,2,0,0,3,2,0,1,1,1,0,0,1,16,8,0,0,0
http://is.gd/5beEwiy,20,1,0,0,3,1,0,0,0,0,0,0,1,5,8,0,0,1
https://www.nseindia.com/docs/api/reference,43,4,0,0,5,0,0,1,0,1,0,0,0,16,19,1,0,0
http://95.196.52.138/account/amazon,32,3,0,0,4,8,0,2,1,0,0,1,0,15,15,0,0,1
https://ugc.gov.in/,19,2,0,0,3,0,0,1,0,1,0,0,0,10,1,0,0,0
https://www.wikipedia.org/news/today,36,2,0,0,4,0,0,1,1,1,0,0,0,17,11,0,0,0
http://tinyurl.com/jwF2ArC,26,1,2,0,3,1,0,0,0,0,0,0,1,11,8,0,0,1
http://tinyurl.com/GefGf05,26,1,0,0,3,2,0,0,0,0,0,0,1,11,8,0,0,1
https://www.microsoft.com/help/faq,34,2,0,0,4,0,0,0,0,1,0,0,1,17,9,0,0,0
http://hdfcbank-signin-secure.ga/signin/index.php,48,2,0,0,4,0,0,0,0,0,0,1,1,26,17,1,0,1
https://www.apple.com/blog/2024/article,39,2,0,0,5,4,0,1,0,1,0,0,0,13,18,0,0,0
https://stackoverflow.com/products,34,0,0,0,3,0,0,0,0,0,0,0,0,17,9,0,0,0
https://ugc.gov.in/blog/2024/article,34,2,0,0,5,4,0,1,0,1,0,0,0,10,18,0,0,0
http://sbi.verify.5ots42.click/verify,37,3,0,0,3,1,0,2,0,0,0,1,0,23,7,0,0,1
http://108.127.103.67/login/microsoft,37,3,0,0,4,11,0,2,1,0,0,1,0,14,13,0,0,1
https://sbiccspynqr.com/account/index.html,42,4,0,0,4,1,0,0,0,1,0,1,0,15,19,0,0,1
https://apple.com/news/today,27,1,2,0,4,0,0,0,0,1,0,1,0,9,11,0,0,0
https://www.apple.com/user/profile/settings,40,4,0,0,5,0,0,1,0,1,0,0,0,13,22,0,0,0
https://www.icicibank.com/blog/2024/article,43,2,0,0,5,4,0,1,0,1,0,0,0,17,20,0,0,0
https://www.aicte-india.org/docs/api/reference,46,2,0,0,5,0,0,1,0,1,0,0,0,19,19,1,0,0
https://apple.com/blog/2024/article,35,1,0,0,5,4,0,0,0,1,0,0,0,9,18,0,0,0
https://www.github.com/account/dashboard,40,2,0,0,4,0,0,1,0,1,0,1,0,14,16,0,0,0
https://www.icicibank.com/docs/api/reference,44,0,0,0,5,0,0,1,0,1,0,0,0,17,19,0,0,0
https://hdfcbank.com/account/dashboard,38,1,0,0,4,0,0,2,0,1,0,1,0,12,15,1,0,0
https://www.icicibank.com/docs/api/reference,44,2,0,0,5,0,0,1,0,1,0,0,0,17,19,1,0,0
https://www.google.com/about,28,2,0,0,3,0,0,1,0,1,0,0,0,15,6,0,0,0
http://pc2z6azzov94fc4yq9va9y9m1.top/login-amazon-login/confirm.php?id=3118,75,2,5,0,4,13,0,0,0,0,0,1,0,29,33,0,1,1
http://zc5i7h2n4jl0oifddwt03uwhv.ga/login-google-login/confirm.php?id=4243,74,2,2,0,4,11,0,2,0,0,0,1,0,28,31,0,1,1
http://paypal-secure-secure.cf/secure/index.php,50,2,2,0,4,0,0,0,0,0,0,1,0,23,17,1,0,1
https://linkedin.com/about,29,2,0,0,3,0,0,0,0,1,0,0,0,12,6,0,0,0
https://www.nseindia.com/about,30,2,0,0,3,0,0,1,0,1,0,0,0,16,6,0,0,0
https://www.ugc.gov.in/account/dashboard,38,3,0,0,4,0,0,2,1,0,0,1,0,14,18,0,0,0
http://-4aczty1gn0hg9q4gcg2j7pxx.tk/update-microsoft-update/confirm.php?id=3721,79,2,3,0,4,11,0,0,0,1,0,1,1,28,36,1,1,1
http://amazon.confirm.z5x51o.tk/confirm,39,3,0,0,3,3,0,2,0,0,0,1,0,24,8,0,0,1
http://amazon-verify-secure.ml/verify/index.php,47,3,2,0,4,0,0,0,0,0,0,1,0,23,17,1,0,1
http://gwkld.ml/microsoft/suspend/account@microsoft.com/suspend.php,68,3,0,0,6,0,1,0,0,0,0,1,0,8,52,0,0,1
https://flipkart.com/products,29,1,0,0,3,0,0,0,0,1,0,0,1,12,9,0,0,0
https://www.stackoverflow.com/docs/api/reference,48,2,0,0,5,0,0,1,0,1,0,0,0,21,19,0,0,0
https://www.amazon.in/account/dashboard,39,2,0,0,4,0,0,1,0,1,0,1,0,13,18,0,0,0
https://www.medium.com/help/faq,31,2,0,0,4,0,0,0,0,1,0,0,0,13,9,0,0,0
http://109.103.6.48/update/google,33,3,0,0,4,9,0,2,1,0,0,1,0,12,13,1,0,1
http://164.253.149.222/login/icicibank,38,3,0,0,4,12,0,2,1,0,0,1,0,15,19,0,0,1
https://icicibank.com/blog/2024/article,39,1,0,0,5,3,0,0,0,1,0,0,0,13,18,0,0,0
https://www.rbi.org.in/user/profile/settings,44,3,0,0,5,0,0,2,0,1,0,0,0,14,22,0,0,0
https://www.github.com/account/dashboard,41,2,3,0,4,3,0,1,0,1,0,1,0,14,18,0,0,0
http://is.gd/k5hexhc,20,1,0,0,3,1,0,1,0,0,0,0,1,5,8,0,0,1
http://98k-tp02j9r-i7kzk-2kvbkjj.info/verify-paypal-verify/confirm.php?id=1202,78,2,8,0,4,11,0,0,0,1,0,1,0,30,33,0,1,1
https://www.flipkart.com/contact,32,2,0,0,3,0,0,1,0,1,0,0,1,16,8,0,0,0
https://www.google.com/products,31,2,0,0,3,0,0,1,0,1,0,0,0,14,9,1,0,0
http://netflix.secure.cgq4hp.top/secure,39,4,0,0,3,1,0,2,0,0,0,1,0,25,7,0,0,1
http://hdfcbank-account-secure.tk/account/index.php,51,2,2,0,4,0,0,0,0,0,0,1,0,26,18,1,0,1
https://www.medium.com/user/profile/settings,45,2,0,0,5,0,0,1,0,1,0,0,0,14,22,1,0,0
https://www.ugc.gov.in/account/dashboard,40,6,0,0,4,0,0,2,0,1,0,1,0,14,18,0,0,0
https://aicte-india.org/help/faq,32,1,1,0,4,0,0,0,0,1,0,0,0,15,9,1,0,0
https://microsoftftrvbmf.net/account/index.html,47,2,0,0,4,0,0,0,0,0,0,1,0,20,19,0,0,1
https://www.nseindia.com/contact,32,2,0,0,3,0,0,0,0,1,0,0,0,14,8,0,0,0
http://u-xnjtleu1s6n19bzplnymfh6.click/login-microsoft-login/confirm.php?id=2825,80,2,3,0,4,9,0,0,0,0,0,1,1,33,34,1,1,1
https://www.ugc.gov.in/search?q=result,39,3,0,0,3,1,0,2,1,0,0,0,0,14,7,0,1,0
http://83.221.177.186/verify/icicibank,36,3,0,0,4,11,0,2,1,0,0,1,0,14,17,0,0,1
http://oxpyz.tk/sbi/signin/account@sbi.com/signin.php,53,3,0,0,6,0,1,0,0,0,0,1,1,8,40,0,0,1
https://flipkart.com/products,29,0,0,0,3,0,0,0,0,1,0,0,1,12,9,0,0,0
http://tinyurl.com/21aq3G6,26,1,0,0,3,4,0,0,0,0,0,0,1,11,8,0,0,1
https://amazonvulfdf.co/account/index.html,42,2,0,0,4,0,0,0,0,1,0,1,0,15,19,1,0,1
https://www.icicibank.com/account/dashboard,43,2,0,0,4,0,0,1,0,1,0,1,0,17,18,0,0,0
https://www.icicibank.com/contact,34,2,0,0,3,0,0,0,0,1,0,0,0,17,8,0,0,0
https://www.aicte-india.org/update/ridlof?ref=email&utm_id=1172,63,2,1,1,4,4,0,1,0,1,0,1,0,19,14,1,2,0
http://amazon-suspend-secure.click/suspend/index.php,52,2,2,0,4,0,0,0,0,0,0,1,0,27,18,1,0,1
https://www.rbi.org.in/news/today,33,3,0,0,4,2,0,2,0,1,0,0,0,14,11,0,0,0
http://adbku.ml/netflix/update/account@netflix.com/update.php,61,3,0,0,6,0,1,1,0,0,0,1,0,8,46,0,0,1
https://www.github.com/,23,2,0,0,3,0,0,1,0,1,0,0,0,14,1,0,0,0
https://sbipumatnwui.com/account/index.html,43,2,0,0,4,0,0,0,0,1,0,1,0,16,19,0,0,1
https://www.linkedin.com/login/kjf4aq7?ref=email&utm_id=1654,60,2,0,1,4,6,0,1,0,1,0,1,0,16,14,0,2,0
https://www.apple.com/search?q=result,37,2,0,0,3,0,0,4,0,1,0,0,0,13,7,0,1,0
https://googlehyfaseltz.com/account/index.html,46,2,0,0,4,0,0,0,0,1,0,1,1,19,19,0,0,1
http://is.gd/epFrasi,20,1,0,0,3,0,0,0,0,0,0,0,1,5,8,0,0,1
http://tinyurl.com/xq3DsmA,26,1,0,0,3,1,0,0,0,0,0,0,0,11,8,0,0,1
http://csqim.ga/amazon/confirm/account@amazon.com/confirm.php,61,3,0,0,6,0,1,2,0,0,0,1,0,8,46,0,0,1
https://amazon.in/search?q=result,33,1,0,0,3,0,0,0,0,1,0,0,0,9,7,0,1,0
https://sbiizncb.com/account/index.html,41,2,0,0,4,0,0,0,0,1,0,1,0,12,19,1,0,1
http://instagram.update.hi1rd5.tk/update,40,3,0,0,3,2,0,2,0,0,0,1,0,26,4,0,0,1
https://www.github.com/news/today,33,2,0,0,4,0,0,1,0,1,0,0,0,14,11,0,0,0
https://amazoniramgc.com/account/index.html,43,2,0,0,4,0,0,0,0,1,0,1,0,16,19,0,0,1
https://www.ugc.gov.in/,23,3,0,0,3,0,0,2,0,1,0,0,0,12,1,0,0,0
https://www.flipkart.com/docs/api/reference,45,1,0,0,5,0,0,1,0,1,0,0,1,16,19,0,0,0
https://www.apple.com/user/profile/settings,43,2,0,0,5,0,0,1,1,1,0,0,0,13,22,0,0,0
https://icicibank.com/,22,1,0,0,3,0,0,0,0,1,0,0,0,13,1,0,0,0
https://www.apple.com/news/today,32,2,0,0,4,0,0,0,0,1,0,0,0,13,11,0,0,0
https://www.microsoft.com/news/today,36,2,0,0,4,0,0,2,0,1,0,0,1,17,11,0,0,0
https://ugc.gov.in/search?q=result,34,2,0,0,3,0,0,1,0,1,0,0,0,10,7,1,1,0
http://microsoft.secure.7tlyds.cf/secure,40,3,0,0,3,1,0,2,0,0,0,1,0,26,7,0,0,1
http://115.228.200.11/account/microsoft,39,0,0,0,4,11,0,2,1,0,0,0,0,14,18,0,0,1
https://www.irctc.co.in/blog/2024/article,41,3,0,0,5,4,0,2,1,1,0,0,0,15,18,0,0,0
http://61.83.200.152/update/microsoft,37,3,0,0,4,10,0,2,1,0,0,1,0,13,17,0,0,1
https://hdfcbanksyenjgjz.com/account/index.html,47,2,0,0,4,0,0,0,0,1,0,1,0,20,19,0,0,1
http://213.219.52.98/secure/instagram,37,3,0,0,4,10,0,2,0,0,0,1,0,15,15,0,0,1
https://google.com/account/dashboard,36,1,0,0,4,0,0,0,0,1,0,0,0,10,18,0,0,0
http://108.172.206.226/account/amazon,37,3,0,0,4,12,0,2,1,0,0,1,0,15,15,0,0,1
http://bit.ly/1iEce2h,21,1,0,0,3,2,0,0,0,0,0,0,1,6,8,0,0,1
https://www.icicibank.com/user/profile/settings,47,1,0,0,5,0,0,1,0,1,0,0,0,17,22,0,0,0
https://www.github.com/,23,2,0,0,3,0,0,1,0,1,0,0,0,14,0,0,0,0
https://netflixbwgzuqjng.net/account/index.html,47,2,0,0,4,0,0,0,0,1,0,1,0,20,19,0,0,1
https://www.ugc.gov.in/,23,3,0,0,3,0,0,2,0,1,0,0,0,14,1,0,0,0
https://www.apple.com/account/dashboard,39,2,0,0,4,0,0,1,0,1,0,1,1,13,18,0,0,0
http://cutt.ly/axtCc60,22,1,0,0,3,2,0,0,0,0,0,0,1,7,8,0,0,1
http://icicibank-login-secure.info/login/index.php,50,2,2,0,4,0,0,0,0,0,0,1,0,27,16,1,0,1
http://ttwjxyyztvw7taq7vmn-kgzwl.click/update-instagram-update/confirm.php?id=5267,82,2,0,0,4,6,0,0,0,0,0,1,0,31,36,1,1,1
https://www.irctc.co.in/,24,3,0,0,3,0,0,2,1,1,0,0,0,15,1,0,0,0
http://129.52.20.21/signin/hdfcbank,35,3,0,0,4,9,0,2,1,1,0,1,0,12,16,0,0,1
https://www.icicibank.com/docs/api/reference,44,2,0,0,5,0,0,1,0,1,0,0,0,20,19,0,0,0
https://www.microsoft.com/,26,2,0,0,3,0,0,1,0,1,0,0,1,17,1,0,0,0
http://microsoft-confirm-secure.cf/confirm/index.php,52,2,2,0,4,0,0,0,0,0,0,1,0,27,18,1,0,1
http://icicibank-verify-secure.ga/verify/index.php,50,4,2,0,4,0,0,0,0,0,0,1,0,26,17,1,0,1
http://24.30.148.96/login/google,32,3,0,0,4,9,0,2,1,0,0,1,0,9,13,0,0,1
https://icicibanksfmlnpzw.com/account/index.html,45,2,0,0,4,0,0,0,0,1,0,1,0,21,19,0,0,1
http://jrqe2xo-uxfjnjd5tloc9d7jj.info/suspend-sbi-suspend/confirm.php?id=9682,77,2,3,0,4,8,0,1,1,0,0,1,0,30,32,1,1,1
http://sbi-verify-secure.cf/verify/index.php,43,2,2,0,4,0,0,0,0,0,0,1,0,20,17,0,0,1
http://bit.ly/ae6oGuc,21,1,0,0,3,1,0,2,1,0,0,0,1,6,8,1,0,1
https://www.galgotiasuniversity.edu.in/help/faq,47,3,0,0,4,0,0,2,0,1,0,0,0,30,9,0,0,0
https://www.irctc.co.in/account/dashboard,41,3,0,0,4,0,0,2,0,1,0,1,0,15,16,0,0,0
https://ugc.gov.in/news/today,29,2,0,0,4,0,0,2,1,1,0,0,0,10,11,0,0,0
https://paypaldcmpwfh.net/account/index.html,44,0,0,0,4,0,0,0,0,1,0,1,0,18,19,0,0,1
https://www.wikipedia.org/blog/2024/article,41,2,1,0,5,4,0,1,0,1,0,0,0,17,18,0,0,0
http://145.72.201.114/secure/netflix,36,3,0,0,4,11,0,2,1,0,0,1,0,14,15,0,0,1
https://www.icicibank.com/,26,2,0,0,3,0,0,3,0,1,0,0,0,17,1,0,0,0
https://amazon.in/,18,1,3,0,3,0,0,0,0,1,0,0,0,9,1,0,0,0
https://www.stackoverflow.com/update/29q2l48c1c?ref=email&utm_id=8702,71,1,0,1,4,10,0,1,0,1,0,1,0,21,18,0,2,0
http://netflix.signin.6sjqa0.tk/signin,38,3,0,0,3,2,0,2,0,0,0,1,0,24,7,0,0,1
http://xtp8wbgs9x2maietdn2ti2ykh.top/account-icicibank-account/confirm.php?id=3444,82,2,2,0,4,9,0,0,0,0,0,1,0,28,38,0,1,1
https://amazonydavuzfeu.net/account/index.html,46,2,0,0,4,0,0,0,0,1,0,0,0,19,19,0,0,1
https://www.stackoverflow.com/user/profile/settings,51,2,2,0,5,0,0,4,0,1,0,0,0,21,22,0,0,0
https://paypalnoixvm.com/account/index.html,43,2,0,0,4,0,0,0,0,1,0,1,0,16,19,0,0,1
http://kq7rfe75tkbcbdpdyvjjdseyg.xyz/suspend-icicibank-suspend/confirm.php?id=3985,82,2,2,0,4,7,0,0,0,0,0,1,0,29,38,0,1,1
https://galgotiasuniversity.edu.in/docs/api/reference,53,2,0,0,5,0,0,1,0,1,0,0,0,26,19,0,0,0
http://97.43.121.113/signin/google,34,3,0,0,4,10,0,0,1,0,0,1,0,13,14,0,0,1
https://ugc.gov.in/account/dashboard,36,3,0,0,4,0,0,1,0,1,0,1,0,10,18,0,0,0
https://microsoftgeodgek.net/account/index.html,47,3,0,0,4,0,0,0,0,1,0,1,0,20,19,0,0,1
https://www.icicibank.com/user/profile/settings,48,2,0,0,5,0,0,1,0,1,0,0,0,17,22,0,0,0
http://cutt.ly/aflx6Ff,22,1,0,0,3,1,0,0,0,0,0,0,1,9,7,0,0,1
http://28.179.116.97/confirm/icicibank,38,3,0,0,4,10,0,2,1,0,0,1,0,13,18,0,0,1
http://microsoft-update-secure.ml/update/index.php,50,2,2,0,4,0,0,0,0,0,0,1,0,26,17,1,0,1
https://www.flipkart.com/user/profile/settings,46,2,0,0,5,0,0,1,0,1,0,0,1,16,22,0,0,0
https://netflixraksxdye.com/account/index.html,46,0,0,0,4,0,0,1,0,1,0,1,0,19,19,0,0,1
http://50.165.248.42/suspend/hdfcbank,37,3,0,0,4,10,0,2,1,0,0,1,0,10,17,0,0,1
https://galgotiasuniversity.edu.in/about,40,2,0,0,3,0,0,1,0,0,0,0,0,26,5,1,0,0
https://www.apple.com/about,27,2,0,0,3,0,0,1,0,1,0,0,0,13,6,0,0,0
https://www.ugc.gov.in/suspend/0fzauxbg?ref=email&utm_id=5653,64,3,0,1,4,5,0,2,0,1,0,1,0,14,17,0,2,0
https://www.medium.com/secure/b3hn14e?ref=email&utm_id=1893,59,1,0,1,4,7,0,3,0,1,0,1,0,14,15,0,2,0
http://netflix-update-secure.ml/update/index.php,48,4,2,0,4,0,0,0,0,0,0,1,0,24,15,1,0,1
https://www.icicibank.com/user/profile/settings,47,2,0,0,5,0,0,1,0,1,0,0,0,17,19,0,0,0
https://www.google.com/help/faq,31,2,0,0,4,0,0,1,0,1,0,0,0,14,9,0,0,0
http://z44x07olba228nidp-mhyi634.click/account-paypal-account/confirm.php?id=3750,81,1,3,0,4,14,0,0,0,0,0,1,0,31,36,1,1,1
http://bit.ly/3zmgxne,21,1,0,0,3,1,0,0,0,0,0,0,1,4,8,0,0,1
http://is.gd/gd2Dhrj,20,1,0,0,3,1,0,0,0,0,0,0,1,5,5,1,0,1
https://aicte-india.org/docs/api/reference,45,1,1,0,5,0,0,0,0,1,0,0,0,15,19,1,0,0
https://microsoft.com/products,30,1,0,0,3,0,0,0,0,1,0,0,1,13,9,0,0,0
http://oxhbqan-8yp495d5wuefs-0mx.click/suspend-amazon-suspend/confirm.php?id=1532,81,1,4,0,4,10,0,0,0,0,0,1,0,31,35,1,1,1
http://hdfcbank.secure.3vah6n.tk/secure,39,3,2,0,3,2,0,2,0,0,0,1,0,22,7,0,0,1
http://amazon-verify-secure.xyz/verify/index.php,48,2,2,0,4,3,0,0,0,1,0,1,0,24,17,1,0,1
https://icicibankqbwfnonx.com/account/index.html,48,2,0,0,4,0,0,0,0,1,0,1,0,21,16,0,0,1
https://www.wikipedia.org/,26,2,0,0,3,2,0,1,0,1,0,0,0,17,4,0,0,0
http://136.39.104.97/update/google,34,3,0,0,4,10,0,2,1,1,0,1,0,13,14,0,0,1
https://www.nptel.ac.in/account/5sywp0rxx?ref=email&utm_id=3435,63,3,0,1,4,6,0,2,0,1,0,1,1,15,18,0,2,0
http://netflix.update.ek17m6.click/update,41,3,0,0,3,3,0,2,0,0,0,1,0,26,7,0,0,1
https://www.linkedin.com/account/dashboard,42,2,0,0,4,0,0,1,0,1,0,1,0,16,18,0,0,0
https://hdfcbankqfunhfhr.co/account/index.html,46,2,0,0,4,0,0,0,0,1,0,0,0,19,19,0,0,1
https://www.nseindia.com/user/profile/settings,46,2,0,0,5,0,0,3,0,1,0,0,0,16,22,0,0,0
http://bit.ly/Ct410eG,21,1,0,0,3,3,0,0,0,0,0,0,1,6,8,0,0,1
http://xtzzu.tk/icicibank/secure/account@icicibank.com/secure.php,65,3,0,0,6,0,1,0,0,0,0,1,0,8,50,0,0,1
http://nh5nree7n52fr4u8phi1ezf1z.ml/verify-amazon-verify/confirm.php?id=7958,76,2,2,0,4,12,0,0,0,0,0,1,0,28,33,0,1,1
https://www.amazon.in/contact,29,2,0,0,3,0,0,1,0,1,0,0,0,13,8,0,0,0
http://netflix.login.xt8jh3.xyz/login,37,4,0,0,3,2,0,2,0,1,0,1,0,24,6,0,0,1
https://www.google.com/signin/kbtf?ref=email&utm_id=9231,57,2,0,1,4,4,0,1,1,0,0,1,0,14,9,0,2,0
http://is.gd/iCs4oav,22,1,0,0,3,1,0,0,0,0,0,0,1,5,8,0,0,1
http://199.69.245.148/signin/microsoft,38,3,0,0,4,11,0,2,1,0,0,1,1,16,17,0,0,1
http://tinyurl.com/aGx6vkg,26,0,0,0,3,1,0,0,0,0,0,0,1,9,8,0,0,1
http://rngwr.xyz/google/confirm/account@google.com/confirm.php,62,3,0,0,6,0,1,0,0,0,0,1,0,9,46,0,0,1
https://www.stackoverflow.com/contact,39,2,0,0,3,3,0,1,0,1,0,0,0,21,8,0,0,0
http://195.142.126.156/update/paypal,37,3,0,0,4,12,0,2,1,0,0,1,0,15,14,0,0,1
http://microsoft-login-secure.top/login/index.php,47,0,2,0,4,0,0,0,0,0,0,1,0,26,16,1,0,1
https://amazonrenqwtz.com/account/index.html,44,2,0,0,4,0,0,0,0,1,0,1,0,17,19,0,0,1
http://g1xudnw00g5d4eq0l5k5y1my7.click/suspend-netflix-suspend/confirm.php?id=3772,82,2,2,0,4,14,0,0,0,0,0,1,0,31,36,0,1,1
https://nptel.ac.in/news/today,30,2,0,0,4,0,0,1,0,1,0,0,0,11,11,0,0,0
http://paypal-verify-secure.tk/verify/index.php,47,5,4,0,4,1,0,0,0,0,0,0,0,23,17,1,0,1
http://google.login.qfezkf.ga/login,35,3,0,0,3,0,0,1,0,0,0,1,0,20,6,0,0,1
https://www.stackoverflow.com/account/dashboard,47,2,0,0,4,0,0,1,0,1,0,1,1,21,18,0,0,0
http://yfqvv-rf0g6x0axoztk1zwvhz.click/login-hdfcbank-login/confirm.php?id=6500,79,2,2,0,4,8,0,0,0,0,0,1,0,31,35,1,1,1
http://cutt.ly/jECkb38,24,1,0,0,3,2,0,0,0,0,0,0,1,7,8,0,0,1
https://www.hdfcbank.com/secure/xnx4sn6?ref=email&utm_id=9460,61,0,0,1,4,6,0,2,0,1,0,1,0,15,16,0,2,0
http://bit.ly/ez9uvyi,24,1,0,0,3,1,0,0,0,0,0,0,1,6,8,0,0,1
https://amazonnomiowbn.net/account/index.html,45,2,0,0,4,0,0,0,1,1,0,1,0,20,19,0,0,1
https://www.flipkart.com/contact,32,2,0,0,3,0,0,4,0,1,0,0,1,16,8,0,0,0
http://microsoft-confirm-secure.top/confirm/index.php,53,2,2,0,4,0,0,0,1,0,0,1,0,27,18,1,0,1
http://icicibank-confirm-secure.cf/confirm/index.php,52,2,2,0,4,0,0,0,0,0,0,1,0,27,18,1,0,1
https://www.galgotiasuniversity.edu.in/contact,46,3,0,0,3,0,0,2,0,1,0,0,0,30,8,0,0,0
https://www.linkedin.com/blog/2024/article,42,2,0,0,5,4,0,0,0,1,0,0,0,16,15,0,0,0
https://www.github.com/about,28,2,0,0,3,0,0,1,0,0,0,0,0,14,6,0,0,0
http://tinyurl.com/hp1c3lx,26,3,0,0,3,2,0,0,0,0,0,0,0,11,8,0,0,1
http://sbi.verify.20icfm.cf/verify,34,1,0,0,3,2,0,2,0,0,0,1,0,20,7,0,0,1
https://www.hdfcbank.com/search?q=result,40,4,0,0,3,3,0,1,0,1,0,0,0,16,7,0,1,0
http://192.56.80.144/secure/netflix,35,3,0,0,4,10,0,2,1,0,0,1,0,13,15,0,0,1
https://www.aicte-india.org/,28,2,1,0,3,0,0,1,0,1,0,0,0,19,1,1,0,0
https://www.amazon.in/,22,2,0,0,3,0,0,1,0,1,0,0,0,13,1,0,0,0
https://www.wikipedia.org/products,34,2,0,0,3,0,0,1,0,1,0,0,0,17,8,0,0,0
https://www.amazon.in/account/dashboard,39,2,0,0,4,0,0,0,0,1,0,1,1,13,18,0,0,0
https://www.rbi.org.in/,23,3,0,0,3,0,0,2,0,1,0,0,0,14,1,0,0,0
https://www.linkedin.com/search?q=result,43,2,0,0,3,0,0,1,0,1,0,0,0,19,7,0,1,0
http://tie7sw6iumtjmfgp5h3ixtxc0.top/login-icicibank-login/confirm.php?id=9957,78,2,2,0,4,9,0,0,0,0,0,1,0,29,34,0,1,1
https://www.icicibank.com/secure/y981?ref=email&utm_id=9269,60,2,0,1,4,7,0,1,0,1,0,1,0,17,12,0,2,0
http://amazon-signin-secure.xyz/signin/index.php,48,2,2,0,4,0,0,0,0,0,0,1,0,24,17,1,0,1
http://sbi.verify.gyajpg.info/verify,37,3,3,0,3,0,0,2,0,0,0,1,0,19,7,0,0,1
https://microsofthlimp.com/account/index.html,45,2,0,0,4,0,0,0,0,1,0,1,0,18,19,0,0,1
http://184.121.51.40/secure/google,32,3,0,0,4,10,0,0,1,0,0,1,0,13,14,0,0,1
https://netflixucgwucea.net/account/index.html,46,2,0,0,4,0,0,0,0,1,0,1,0,19,19,0,0,1
https://www.github.com/contact,30,2,0,0,3,0,0,0,0,1,0,0,0,14,8,0,0,0
http://instagram.login.m9xhcg.info/login,39,3,1,0,3,1,0,1,0,0,0,1,0,27,6,0,0,1
http://sbi.signin.w5ejr9.ml/signin,34,3,0,0,3,2,0,5,0,0,0,1,0,18,7,0,0,1
http://dmerf.info/instagram/secure/account@instagram.com/secure.php,67,3,0,0,6,0,1,0,0,0,0,1,0,10,50,0,0,1
https://www.apple.com/news/today,33,2,0,0,4,0,0,1,0,1,0,0,0,13,11,0,0,0
http://0h52kse5w-kzppfkjw7nzqael.ml/verify-netflix-verify/confirm.php?id=7513,77,0,3,0,4,9,0,0,0,0,0,1,0,28,33,1,1,1
http://bfrfn.ml/amazon/suspend/account@amazon.com/suspend.php,61,3,0,0,6,0,1,0,0,0,0,1,0,6,46,0,0,1
https://www.microsoft.com/docs/api/reference,44,2,0,0,5,0,0,1,0,1,0,0,1,17,19,0,0,0
https://www.icicibank.com/contact,33,2,0,0,3,0,0,1,0,1,0,0,0,17,8,0,0,0
http://111.213.120.106/suspend/paypal,37,3,0,0,4,12,0,2,1,0,0,1,0,15,15,0,0,1
https://www.icicibank.com/,26,2,0,0,3,0,0,1,0,1,0,0,0,17,1,0,0,0
http://cutt.ly/leehgkd,22,1,0,0,3,0,0,0,0,0,0,1,1,7,8,0,0,1
https://www.ugc.gov.in/contact,30,3,0,0,3,0,0,2,0,1,0,0,0,14,8,0,0,0
https://hdfcbankwozgjyk.com/account/index.html,43,2,0,0,4,0,0,0,0,1,0,0,0,19,19,0,0,1
http://sbi-suspend-secure.xyz/suspend/index.php,47,2,2,0,4,0,0,0,0,0,0,1,0,22,18,1,0,1
http://77.179.100.230/account/microsoft,39,3,0,0,4,11,0,0,1,0,0,1,1,14,17,0,0,1
http://hdfcbank-login-secure.info/login/index.php,49,2,2,0,4,0,0,0,0,0,0,1,0,26,16,1,0,1
https://www.google.com/account/dashboard,40,2,0,0,4,0,0,3,0,1,0,1,0,14,18,0,0,0
https://amazonddpir.net/account/index.html,42,2,0,0,4,0,0,0,0,1,0,1,0,15,19,1,0,1
http://cutt.ly/GCgFdAA,21,1,0,0,3,0,0,0,0,0,0,0,1,7,8,0,0,1
http://google-update-secure.click/update/index.php,50,4,2,0,4,1,0,0,0,1,0,1,0,26,17,1,0,1
https://www.flipkart.com/docs/api/reference,43,2,0,0,5,0,0,1,0,1,0,0,1,16,20,0,0,0
https://www.nseindia.com/help/faq,33,2,0,0,4,0,0,3,0,1,0,0,0,16,9,0,0,0
https://www.hdfcbank.com/user/profile/settings,46,2,0,0,5,0,0,1,0,1,0,0,0,16,22,0,0,0
https://www.microsoft.com/help/faq,34,2,0,0,4,0,0,1,0,1,0,0,1,20,9,0,0,0
https://www.galgotiasuniversity.edu.in/docs/api/reference,57,3,0,0,5,0,0,2,0,1,0,0,0,29,19,0,0,0
https://www.irctc.co.in/login/e6a9hl17?ref=email&utm_id=5521,60,3,0,1,4,8,0,2,0,1,0,1,0,15,15,0,2,0
https://www.wikipedia.org/update/0lthy25m?ref=email&utm_id=3446,63,2,0,1,4,7,0,1,0,1,0,1,1,17,16,0,2,0
https://www.linkedin.com/help/faq,33,2,0,0,4,0,0,1,0,1,0,0,0,16,9,0,0,0
https://www.flipkart.com/account/dashboard,41,1,0,0,4,0,0,1,0,1,0,1,1,16,18,0,0,0
http://amazon-update-secure.click/update/index.php,50,2,2,0,4,0,0,0,1,0,0,1,0,26,20,1,0,1
https://www.microsoft.com/contact,35,2,0,0,3,0,0,1,0,1,0,0,1,17,6,0,0,0
http://btmor.top/paypal/secure/account@paypal.com/secure.php,60,3,0,0,6,0,1,3,0,0,0,1,0,9,44,0,0,1
http://hdfcbank-confirm-secure.tk/confirm/index.php,51,2,2,0,4,0,0,0,0,0,0,1,0,29,18,0,0,1
https://amazon.in/account/dashboard,35,1,0,0,4,0,0,0,0,1,0,0,0,9,18,0,0,0
https://www.ugc.gov.in/confirm/rj4bdfhj4d?ref=email&utm_id=6483,63,3,0,1,4,6,0,5,0,1,0,1,0,14,19,1,2,0
https://www.hdfcbank.com/suspend/8zgvw?ref=email&utm_id=8126,60,2,0,1,4,6,0,1,0,1,0,0,0,16,14,0,2,0
http://7ynomb53o4r925q410y916g6g.ml/update-instagram-update/confirm.php?id=5105,79,2,2,0,4,18,0,0,0,0,0,1,0,28,36,0,1,1
https://www.flipkart.com/login/fftouhylu6?ref=email&utm_id=5989,63,2,0,1,4,5,0,0,0,1,0,1,1,16,17,0,2,0
http://microsoft-secure-secure.info/secure/index.php,52,2,2,0,4,0,0,2,0,0,0,1,0,28,17,0,0,1
http://6cvcqhwgnqhnjmbvkerp2ikf3.info/account-microsoft-account/confirm.php?id=3784,84,0,1,0,4,7,0,3,0,1,0,1,0,30,38,0,1,1
http://120.160.55.62/account/amazon,35,3,0,0,4,10,0,2,1,0,0,1,0,13,15,0,0,1
https://www.ugc.gov.in/verify/36oqoloe?ref=email&utm_id=1096,60,0,0,1,4,6,0,2,0,1,0,1,0,14,16,0,2,0
https://googleiqudhsams.co/account/index.html,45,2,0,0,4,0,0,0,0,1,0,1,0,15,19,0,0,1
https://sbiupmhd.com/account/index.html,39,2,0,0,4,3,0,0,0,0,0,1,0,12,19,0,0,1
http://sbi.signin.dwh8n9.click/signin,37,3,0,0,3,0,0,2,0,0,0,1,0,23,7,0,0,1
https://www.wikipedia.org/help/faq,34,2,0,0,4,0,0,1,0,1,0,0,0,14,9,0,0,0
https://www.irctc.co.in/,24,3,0,0,3,0,0,2,0,1,0,1,0,15,1,0,0,0
http://s2kwqjl9e042t7fsq6a939-32.top/secure-paypal-secure/confirm.php?id=5439,77,2,4,0,4,16,0,0,0,0,0,1,0,29,33,1,1,1
http://microsoft.verify.4f2k1x.tk/verify,40,3,2,0,3,3,0,1,1,1,0,1,0,26,7,0,0,1
http://xbhjb.ml/google/confirm/account@google.com/confirm.php,61,3,0,0,6,0,1,0,0,0,0,1,0,7,47,0,0,1
http://09lgfq-5l4axmas1xh1sfiups.info/update-sbi-update/confirm.php?id=7714,75,5,4,0,4,10,0,0,0,0,0,1,0,30,30,0,1,1
http://paypal.login.g76rwr.info/login,40,3,0,0,3,2,0,2,0,0,0,1,0,24,6,0,0,1
http://wyjum.ml/microsoft/verify/account@microsoft.com/verify.php,65,5,0,0,6,0,1,0,0,0,0,1,1,8,50,0,0,1
http://bit.ly/z4mE2pA,21,1,1,0,3,2,0,0,0,0,0,0,1,6,8,0,0,1
https://www.irctc.co.in/search?q=result,39,3,3,0,3,0,0,1,0,1,0,0,0,15,7,0,1,0
http://icicibank-confirm-secure.top/confirm/index.php,53,2,2,0,4,0,0,0,0,1,0,1,1,28,20,1,0,1
https://www.linkedin.com/about,30,2,0,0,3,0,0,1,0,1,0,0,0,16,9,0,0,0
https://www.github.com/,23,2,0,0,3,0,0,1,0,1,0,0,0,14,1,0,0,0
http://125hwf50uj2km-842ay-96i0h.ga/update-google-update/confirm.php?id=4829,76,2,4,0,4,16,0,1,0,0,0,1,0,28,33,1,1,1
http://sbi.suspend.n04fdt.top/suspend,37,3,0,0,3,2,0,2,0,0,0,1,0,19,8,0,0,1
https://googlejyrbxtzrs.com/account/index.html,46,2,0,0,4,0,0,0,0,1,0,1,0,19,19,0,0,1
http://0127r2z5c-wf7rgsm66y-f0ra.tk/signin-hdfcbank-signin/confirm.php?id=3910,78,2,6,0,4,14,0,0,0,0,0,1,0,28,35,1,1,1
http://15.92.2.158/suspend/netflix,34,3,0,0,4,8,0,2,1,0,0,1,0,13,16,0,0,1
http://x1q2z10v4sfavyqlg0k2isbtt.info/suspend-google-suspend/confirm.php?id=9326,80,2,2,0,4,11,0,0,0,0,0,1,0,30,35,0,1,1
https://www.github.com/search?q=result,38,2,0,0,3,0,0,1,0,1,0,0,0,15,7,0,1,0
https://www.apple.com/account/dashboard,39,2,0,0,4,0,0,1,0,1,0,1,0,13,18,0,0,0
https://wikipedia.org/contact,29,0,0,0,3,0,0,0,0,1,0,0,0,13,8,0,0,0
http://hdfcbank-secure-secure.top/secure/index.php,50,2,2,0,4,0,0,0,0,0,0,1,0,26,17,1,0,1
https://www.flipkart.com/about,30,2,0,0,3,0,0,1,0,1,0,0,1,16,6,0,0,0
https://www.flipkart.com/account/bn5elb45l?ref=email&utm_id=1755,64,2,0,1,4,7,0,0,0,1,0,1,1,16,18,0,2,0
http://240.174.122.83/suspend/hdfcbank,38,4,0,0,4,11,0,2,1,0,0,1,0,14,17,0,0,1
https://www.google.com/products,31,2,0,0,3,0,0,1,0,1,0,0,0,14,9,0,0,0
https://nseindia.com/docs/api/reference,39,0,0,0,5,0,0,0,0,1,0,0,0,12,19,0,0,0
https://www.nptel.ac.in/contact,31,4,0,0,3,0,0,2,0,1,0,0,0,12,8,0,0,0
https://instagramwtxcqguxr.co/account/index.html,48,2,0,0,4,0,0,0,0,1,0,0,0,21,21,0,0,1
https://www.nptel.ac.in/news/today,34,2,2,0,4,1,0,2,0,1,0,0,0,15,11,0,0,0
https://www.flipkart.com/,25,2,0,0,3,0,0,1,0,1,0,0,1,16,1,0,0,0
http://is.gd/dvjo01v,20,1,0,0,3,2,0,0,0,0,0,0,1,2,8,0,0,1
https://instagrameuafjt.co/account/index.html,45,0,0,0,4,0,0,2,0,1,0,1,1,18,19,0,0,1
https://www.linkedin.com/about,30,2,0,0,3,0,0,1,0,1,0,0,0,16,6,0,0,0
http://sbi-update-secure.click/update/index.php,47,2,5,0,4,0,0,0,0,0,0,1,0,23,19,0,0,1
https://www.amazon.in/update/ul6l?ref=email&utm_id=4154,55,2,0,1,4,2,0,1,0,1,0,1,0,13,12,0,2,0
http://instagram.account.a38k0h.cf/account,42,3,0,0,3,2,0,2,0,0,0,1,0,27,8,0,0,1
https://hdfcbank.com/account/dashboard,38,1,0,0,4,0,0,3,0,1,0,1,0,11,18,0,0,0
http://is.gd/9rckknd,20,1,0,0,3,1,0,0,0,0,0,0,1,5,8,0,0,1
http://48.174.102.69/update/hdfcbank,36,4,1,0,4,12,0,2,1,0,0,1,0,14,16,0,0,1
http://tslld.info/netflix/login/account@netflix.com/login.php,61,3,0,0,6,0,1,0,0,0,0,1,0,10,41,0,0,1
http://cutt.ly/3EqpErg,22,1,0,0,3,1,0,2,0,0,0,0,1,7,9,0,0,1
http://instagram.update.2p3ajf.ml/update,40,5,0,0,3,2,0,2,0,0,0,1,1,26,7,0,0,1
https://www.rbi.org.in/account/dashboard,40,3,0,0,4,0,0,4,1,0,0,1,0,14,18,0,0,0
http://microsoft.update.7xn1yp.tk/update,43,3,0,0,3,3,0,2,0,0,0,1,0,26,7,0,0,1
http://hdfcbank.secure.hj05mp.tk/secure,39,3,1,0,3,1,0,2,0,0,0,1,0,25,7,1,0,1
https://www.microsoft.com/about,32,2,0,0,3,0,0,0,0,0,0,0,1,18,9,0,0,0
https://www.stackoverflow.com/news/today,43,2,0,0,4,0,0,1,0,1,0,0,0,21,11,0,0,0
http://sbi-account-secure.tk/account/index.php,46,2,4,0,4,0,0,0,0,0,0,1,0,21,18,0,0,1
https://icicibank.com/user/profile/settings,43,1,0,0,5,0,0,0,0,1,0,0,0,13,20,0,0,0
http://gnmbp.top/instagram/signin/account@instagram.com/signin.php,66,3,0,0,6,0,1,0,0,0,0,0,1,9,49,0,0,1
http://google-secure-secure.click/secure/index.php,50,2,2,0,4,0,0,0,0,0,0,1,0,26,17,1,0,1
http://netflix.login.8lytua.top/login,37,6,0,0,3,4,0,3,0,0,0,1,0,24,6,0,0,1
http://google.update.w7bzyi.cf/update,37,3,0,0,3,1,0,2,0,0,0,1,0,23,7,0,0,1
https://www.ugc.gov.in/products,31,3,0,0,3,0,0,2,0,0,0,0,0,14,9,0,0,0
http://cutt.ly/kwCfvyo,22,2,1,0,3,0,0,0,0,0,0,0,1,7,8,0,0,1
https://linkedin.com/search?q=result,36,1,0,0,3,0,0,0,0,1,0,0,0,12,6,0,1,0
http://pzsrz.xyz/icicibank/update/account@icicibank.com/update.php,66,3,0,0,6,0,1,0,0,0,0,1,0,6,50,0,0,1
https://www.github.com/news/today,33,2,0,0,4,0,0,1,0,1,0,0,0,14,11,0,0,0
http://bit.ly/BsBpza5,21,1,0,0,3,1,0,0,0,0,0,0,1,6,8,0,0,1
http://h0vscult4q-bc3be3yqz6fv8b.tk/secure-amazon-secure/confirm.php?id=3319,76,2,3,0,4,10,0,0,0,0,0,1,0,28,33,1,1,1
https://www.amazon.in/help/faq,30,2,0,0,4,0,0,1,0,1,0,0,0,13,9,0,0,0
https://www.ugc.gov.in/verify/qlovyv3lxc?ref=email&utm_id=4565,62,6,0,1,4,5,0,2,0,1,0,1,0,14,18,0,2,0
http://instagram.secure.ejgbjx.info/secure,42,3,0,0,3,0,0,2,0,0,0,1,0,28,7,0,0,1
http://amazon.update.dt8bem.top/update,38,3,0,0,3,1,0,2,0,0,0,1,0,24,7,0,0,1
https://www.galgotiasuniversity.edu.in/products,47,3,0,0,3,0,0,2,0,1,0,0,0,30,9,0,0,0
https://www.galgotiasuniversity.edu.in/confirm/hrcn?ref=email&utm_id=1701,73,3,0,1,4,4,0,2,0,1,0,1,0,30,13,0,2,0
http://rvlsg.click/icicibank/verify/account@icicibank.com/verify.php,68,3,0,0,6,0,1,0,0,0,0,1,0,11,50,0,0,1
https://github.com/user/profile/settings,40,1,2,0,5,0,0,2,0,1,0,0,0,10,22,0,0,0
http://google-confirm-secure.cf/confirm/index.php,49,2,2,0,4,2,0,0,0,0,0,1,0,24,20,1,0,1
https://rbi.org.in/about,24,2,0,0,3,0,0,1,0,1,0,0,0,10,6,0,0,0
https://www.medium.com/about,28,2,0,0,3,0,0,1,0,1,0,0,0,14,3,0,0,0
https://www.medium.com/account/dashboard,40,2,0,0,4,0,0,1,0,1,0,1,0,11,18,0,0,0
http://amazon.suspend.zbc5f9.top/suspend,40,3,0,0,3,3,0,2,0,0,0,1,0,24,8,1,0,1
https://www.ugc.gov.in/search?q=result,38,3,0,0,3,0,0,2,0,1,0,0,0,14,7,0,1,0
http://microsoft-verify-secure.ga/verify/index.php,50,2,2,0,4,0,0,0,0,0,0,1,0,26,17,1,0,1
https://ugc.gov.in/contact,26,2,0,0,3,0,0,1,0,1,0,0,1,10,10,0,0,0
https://www.nptel.ac.in/about,29,3,0,0,3,0,0,2,0,0,0,0,0,15,6,0,0,0
https://rbi.org.in/help/faq,27,2,0,0,4,0,0,1,0,1,0,0,0,10,9,0,0,0
https://www.nptel.ac.in/user/profile/settings,45,3,0,0,5,0,0,2,0,1,0,0,0,15,22,0,0,0
http://microsoft.verify.vq81ly.cf/verify,40,3,0,0,3,2,0,2,0,0,0,1,0,26,7,0,0,1
http://tjdre.cf/icicibank/login/account@icicibank.com/login.php,60,1,2,0,6,0,1,0,0,0,0,1,0,8,49,0,0,1
https://linkedin.com/blog/2024/article,38,0,0,0,5,4,0,0,1,1,0,0,0,12,18,0,0,0
https://www.medium.com/about,28,0,0,0,3,0,0,1,0,1,0,0,0,14,6,0,0,0
https://www.amazon.in/,19,2,0,0,3,0,0,1,0,1,0,0,0,13,1,0,0,0
https://nseindia.com/news/today,31,1,0,0,4,0,0,0,0,1,0,0,0,12,11,0,0,0
http://ptkes.tk/netflix/confirm/account@netflix.com/confirm.php,63,3,0,0,6,0,1,0,0,0,0,1,0,8,48,0,0,1
https://www.amazon.in/,22,0,0,0,3,0,0,1,0,1,0,0,1,13,1,0,0,0
http://98.132.251.186/verify/icicibank,38,3,0,0,4,11,0,2,1,1,0,1,0,14,17,0,0,1
https://www.wikipedia.org/,28,2,0,0,3,2,0,1,0,1,0,0,0,17,1,0,0,0
https://www.medium.com/search?q=result,38,2,2,0,3,1,0,1,0,1,0,0,0,14,7,0,1,0
http://instagram-secure-secure.tk/secure/index.php,50,2,2,0,4,0,0,0,0,0,0,1,0,26,17,1,0,1
http://klghp.top/amazon/account/account@amazon.com/account.php,62,3,0,0,6,0,1,0,0,1,0,1,0,10,46,0,0,1
http://137.205.133.164/update/google,36,3,0,0,4,12,0,2,1,0,0,1,0,14,14,0,0,1
https://www.google.com/news/today,33,2,0,0,4,0,0,1,0,1,0,1,0,14,11,0,0,0
http://sbi.secure.axf5x9.top/secure,35,3,0,0,3,2,0,2,0,0,0,1,0,20,7,0,0,1
https://apple.com/docs/api/reference,36,1,0,0,5,0,0,0,0,1,0,0,0,9,19,0,0,0
http://amazon.login.hkk54k.ml/login,35,3,0,0,3,2,0,1,0,0,0,1,0,22,6,1,0,1
https://www.linkedin.com/docs/api/reference,42,2,0,0,5,0,0,1,0,1,0,0,0,14,19,0,0,0
http://ahlvej02yevp8q6egvmkdnon4.top/suspend-icicibank-suspend/confirm.php?id=4677,82,2,2,0,4,9,0,0,0,0,0,1,0,29,38,0,1,1
http://euzcu.ml/sbi/suspend/account@sbi.com/suspend.php,55,3,0,0,6,0,1,0,0,0,0,0,0,8,40,0,0,1
http://microsoft-signin-secure.xyz/signin/index.php,51,2,2,0,4,0,0,3,1,0,0,1,0,27,17,1,0,1
https://www.apple.com/contact,29,2,0,0,3,0,0,2,0,0,0,0,0,13,8,0,0,0
https://www.icicibank.com/blog/2024/article,45,2,2,0,5,4,0,0,0,1,0,0,0,17,18,0,0,0
http://9zatze848fenud8kfn9k7q73j.xyz/account-netflix-account/confirm.php?id=9160,80,2,2,0,4,13,0,0,0,0,0,1,0,29,36,0,1,1
https://www.microsoft.com/confirm/rrbefq56q?ref=email&utm_id=7782,65,2,0,1,4,6,0,1,0,1,0,1,1,17,18,1,2,0
https://www.medium.com/login/ecw9yil?ref=email&utm_id=6785,58,0,0,1,4,5,0,1,0,0,0,1,0,14,14,0,2,0
http://cutt.ly/gFq740q,22,1,0,0,3,3,0,0,0,0,0,0,1,7,8,0,0,1
https://www.ugc.gov.in/account/0w064w?ref=email&utm_id=7637,60,3,0,1,4,8,0,2,0,1,0,1,0,14,18,0,2,0
http://icicibank.verify.gyyj5n.info/verify,42,3,0,0,3,1,0,2,0,0,0,1,1,28,7,0,0,1
https://paypaldmsoc.co/account/index.html,41,2,0,0,4,0,0,0,0,1,0,1,0,14,19,0,0,1
http://228.121.9.189/login/google,33,3,0,0,4,10,0,2,1,0,0,1,0,11,13,0,0,1
https://www.amazon.in/news/today,32,2,0,0,4,0,0,1,0,1,0,0,0,13,11,0,0,0
http://tinyurl.com/yb7e61F,26,1,0,0,3,0,0,0,0,0,0,0,1,11,8,0,0,1
http://is.gd/f3w3ogf,20,1,0,0,3,2,0,0,0,0,0,0,1,5,8,0,0,1
https://www.github.com/user/profile/settings,41,2,0,0,5,0,0,1,1,1,0,0,0,14,22,0,0,0
http://dh07m-bjudm4ag7klfedlbhkb.info/account-icicibank-account/confirm.php?id=7822,83,2,1,0,4,8,0,0,0,0,0,1,0,30,38,1,1,1
https://nseindia.com/about,26,1,0,0,3,0,0,0,0,1,0,0,0,12,6,0,0,0
http://rpb978kbroyqwnsr86rnh8g-f.ml/confirm-netflix-confirm/confirm.php?id=5417,79,2,3,0,4,10,0,0,0,0,0,1,0,28,36,0,1,1
https://sbicfwdkc.net/account/index.html,40,2,0,0,4,0,0,0,0,1,0,1,0,13,19,0,0,1
http://microsoft.verify.dz6x4f.ml/verify,43,5,2,0,3,2,0,2,0,0,0,1,0,26,7,0,0,1
https://www.icicibank.com/contact,33,2,0,0,3,0,0,1,0,1,0,0,0,17,8,0,0,0
http://f8bnhjw6qdbtfbtciqvp17iei.top/suspend-netflix-suspend/confirm.php?id=4884,80,2,4,0,4,8,0,0,0,0,0,1,0,29,36,0,1,1
https://hdfcbankunioctcxl.net/account/index.html,48,2,0,0,4,0,0,0,0,1,0,1,0,21,22,0,0,1
https://www.apple.com/news/today,29,2,0,0,4,3,0,1,0,1,0,0,0,13,14,0,0,0
http://rbyfs.xyz/microsoft/suspend/account@microsoft.com/suspend.php,68,3,0,0,6,0,1,0,0,0,0,1,0,9,52,0,0,1
https://www.wikipedia.org/blog/2024/article,43,2,0,0,5,4,0,1,0,1,0,0,0,17,18,0,0,0
http://nb-essrlfi54llp1ofed3qj1n.ml/login-icicibank-login/confirm.php?id=6847,77,2,3,0,4,9,0,0,0,0,0,1,0,28,34,1,1,1
https://www.nseindia.com/help/faq,33,2,0,0,4,0,0,1,0,1,0,0,0,16,9,0,0,0
http://google-suspend-secure.ml/suspend/index.php,49,2,2,0,4,0,0,0,0,0,0,1,0,24,18,1,0,1
https://github.com/user/profile/settings,40,4,0,0,5,0,0,0,0,1,0,1,0,10,22,0,0,0
http://mdfif.click/microsoft/update/account@microsoft.com/update.php,68,2,0,0,6,0,1,0,0,0,0,1,0,11,50,0,0,1
http://paypal-suspend-secure.click/suspend/index.php,52,2,4,0,4,0,0,0,0,0,0,1,0,27,18,1,0,1
http://64iqqvolgre7xb2z448c8nyyb.cf/signin-paypal-signin/confirm.php?id=1414,74,2,2,0,4,9,0,3,0,0,0,1,0,28,33,0,1,1
https://www.icicibank.com/about,31,4,0,0,3,0,0,1,0,1,0,0,0,17,6,0,0,0
https://www.icicibank.com/about,31,2,0,0,3,0,0,1,0,1,0,0,0,17,6,0,0,0
https://microsoftgvckd.co/account/index.html,44,1,0,0,4,0,0,0,0,1,0,1,0,17,19,0,0,1
https://medium.com/docs/api/reference,37,1,0,0,5,0,0,2,0,1,0,0,0,10,19,0,0,0
http://cutt.ly/ubcC5qB,22,1,0,0,3,1,0,0,0,1,0,0,1,7,8,0,0,1
https://www.rbi.org.in/user/profile/settings,44,3,0,0,5,0,0,2,0,1,0,0,0,14,22,0,0,0
https://github.com/search?q=result,34,1,0,0,3,0,0,0,0,1,0,0,0,10,7,0,1,0
https://www.galgotiasuniversity.edu.in/user/profile/settings,60,3,0,0,5,0,0,2,0,1,0,0,0,27,22,0,0,0
http://icicibank-signin-secure.info/signin/index.php,52,2,2,0,4,0,0,1,0,0,0,0,0,28,17,1,0,1
https://www.nptel.ac.in/about,29,3,0,0,3,0,0,2,0,1,0,1,0,15,6,0,0,0
https://www.wikipedia.org/products,32,2,0,0,3,0,0,1,0,1,0,0,0,17,9,1,0,0
http://avcbz.info/netflix/verify/account@netflix.com/verify.php,66,3,0,0,6,0,1,2,0,0,0,1,0,10,46,0,0,1
https://paypalpqldtg.net/account/index.html,43,2,0,0,4,0,0,0,0,1,0,0,0,16,19,0,0,1
http://2kco-j4gc-hoxeupwdqjbc02a.top/update-google-update/confirm.php?id=9154,77,2,4,0,4,8,0,0,0,0,0,1,0,29,33,1,1,1
http://186.88.170.191/secure/netflix,36,3,0,0,4,11,0,2,1,0,0,1,0,14,13,0,0,1
https://medium.com/docs/api/reference,37,1,0,0,5,0,0,0,0,1,0,0,1,10,19,0,0,0
http://icicibank.account.pzrv7v.ga/account,42,3,0,0,3,1,0,2,0,0,0,1,0,27,8,0,0,1
https://icicibank.com/contact,29,1,0,0,3,0,0,0,0,1,0,0,0,13,6,0,0,0
https://instagramxariic.net/account/index.html,46,2,0,0,4,0,0,0,1,1,0,1,1,19,19,0,0,1
http://amazon-secure-secure.info/secure/index.php,49,2,2,0,4,0,0,0,0,0,0,1,0,25,17,1,0,1
https://www.nseindia.com/verify/226par?ref=email&utm_id=9192,59,2,0,1,4,7,0,1,0,1,0,1,0,16,12,0,2,0
https://www.icicibank.com/about,31,2,0,0,3,0,0,1,0,1,0,0,0,18,6,0,0,0
https://www.nptel.ac.in/news/today,34,3,0,0,4,0,0,2,0,1,0,0,0,15,11,0,0,0
https://www.stackoverflow.com/about,35,2,0,0,3,0,0,1,0,1,0,0,0,21,6,0,0,0
http://snjr312pv69z-o92djdj4xdom.tk/suspend-paypal-suspend/confirm.php?id=8688,78,2,3,0,4,12,0,0,0,1,0,1,1,28,35,1,1,1
http://shcdx.tk/google/secure/account@google.com/secure.php,59,3,0,0,6,0,1,0,0,0,0,1,0,8,46,0,0,1
https://www.ugc.gov.in/news/today,33,3,0,0,4,0,0,2,0,1,0,1,0,16,13,0,0,0
https://www.apple.com/docs/api/reference,40,2,0,0,5,0,0,1,0,1,0,0,0,13,19,0,0,0
https://www.icicibank.com/contact,33,2,0,0,3,0,0,1,0,1,0,0,0,17,8,0,0,0
https://apple.com/about,20,1,0,0,3,0,0,0,0,1,0,0,0,9,6,0,0,0
